"Регион РФ (область, край, город фед. значения, округ)",Административный район,Населённый пункт,Улица,Плановое время начала отключения электроснабжения,Плановое время восстановления отключения электроснабжения,Филиал,РЭС,Комментарий
Санкт-Петербург,Фрунзенский район,г. Санкт-Петербург,"Будапештская ул.,  д. 3,  лит. А.",2023-09-25 11:00:00,2023-09-25 17:00:00,Кабельная сеть,Невский РЭС,
Санкт-Петербург,Приморский район (СПб),Санкт-Петербург,"ул. Яхтенная д. 32 к. 2,  ул. Яхтенная д. 32 к. 3,  ул. Яхтенная д. 32 к. 4",2023-09-25 10:00:00,2023-09-25 17:00:00,Кабельная сеть,Западный РЭС,
Ленинградская область,Всеволожский район,"пром зона Птице фабрика невская,  д. Аньялово.",,2023-09-25 10:00:00,2023-09-25 17:00:00,Северные электрические сети,Сертоловский РЭС,
Санкт-Петербург,Фрунзенский район,Санкт-Петербург,Волковский пр. д. 32,2023-09-25 10:00:00,2023-09-25 20:00:00,Кабельная сеть,Южный РЭС,
Санкт-Петербург,Петроградский район,Санкт-Петербург,"Петровский пр.,  д. 1,  д. 3,  д. 5 стр. 1,  д. 16",2023-09-25 10:00:00,2023-09-25 18:00:00,Кабельная сеть,Островной РЭС,Перевод нагрузки на ТП 1501
Санкт-Петербург,Курортный район,п.Комарово,"Щучье Озеро,  д.3 (участок 1), берег Щучьего озера,  д.5 , Берег Щучьего Озера тер,  д.3",2023-09-25 09:00:00,2023-09-25 20:00:00,Северные электрические сети,Курортный РЭС,Установка УТКЗ
Санкт-Петербург,Курортный район,п.Комарово,"Берег Щучьего Озера тер,  д.2 , Щучье Озеро,  д.2 , Щучье Озеро,  д.2Б",2023-09-25 09:00:00,2023-09-25 20:00:00,Северные электрические сети,Курортный РЭС,Установка УТКЗ
Ленинградская область,Выборгский район (ЛО),"п Боровое,  п Красноозерное,  п Октябрьское,  д Мастерьярви,  д Горки,  п Зеленая Роща ,  п Боровое,  п Красноозерное,  п Октябрьское,  д Мастерьярви,  д Горки,  п Зеленая Роща п Приветнинское (Индивидуальные  застройщики),            п Пески (с включением на ночь)","СНТ Акватория,  ПДК Балтийская Ривьера, ДНП Старое Приветнинское ,  СНТ Улис ,  СНТ Онега,  СНТ Ручей,  СНТ Руские мельницы,  СНТ Омега ДНП Золотые Пески,  магазин Стройудача,  СНТ Озерное,  ДНП Приморье 1,  Т/Б Разлив КП Крутой берег,  НП Новое Комарово,  СНТ Зеленая Поляна СНТ Полянки,  СНТ Финский Бриз,  СНТ Морские терассы,  СНТ Стрела",2023-09-25 09:00:00,2023-09-29 19:00:00,Выборгские ЭС,Рощинский РЭС,
Ленинградская область,Волосовский район,"Пружицы,  Голятицы",,2023-09-25 09:00:00,2023-09-25 17:00:00,Кингисеппские ЭС,Кингисеппский РЭС,
Санкт-Петербург,Курортный район,п.Лисий Нос,"Морские Дубки ул,  д.28  ,  Морские Дубки ул,  д.31  ,  Морские Дубки ул,  д.33  ,  Морские Дубки ул,  д.37  ,  Пограничная ул,  д.32 А ,  Пограничная ул,  д.49  ,  Пограничная ул,  д.50  ,  Пограничная ул,  д.51  ,  Пограничная ул,  д.53  ,  Пограничная ул,  д.54  ,  Пограничная ул,  д.59 А ,  Пограничная ул,  д.62  ,  Пограничная ул,  д.64  ,  Морские Дубки ул,  д.37 А ,  Морские Дубки ул,  д.38  ,  Морские Дубки ул,  д.39  ,  Морские Дубки ул,  д.41 А ,  Пограничная ул,  д.38 А ,  Пограничная ул,  д.50 А ,  Пограничная ул,  д.58  ,  Пограничная ул,  д.59  ,  Пограничная ул,  д.61  ,  Пограничная ул,  д.62 А ,  Морские Дубки ул,  д.29  ,  Морские Дубки ул,  д.43  ,  Пограничная ул,  д.64 А ,  Морские Дубки ул,  д.40  ,  Пограничная ул,  д.52  ,  Пограничная ул,  д.  уч. 7,  Морские Дубки ул,  д.32  лит.А,  Морские Дубки ул,  д.34  лит.А,  Морские Дубки ул,  д.41  лит.А,  Морские Дубки ул,  д.29  лит.Б,  Пограничная ул,  д.56  ,  пом.1,  Пограничная ул,  д.  уч. 18,  Пограничная ул,  д.56  ,  пом.2,  Пограничная ул,  д.52 А ,  Пограничная ул,  д.51 А ,  Морские Дубки ул,  д.42  ,  Пограничная ул,  д.10 А ,  Морские Дубки ул,  д.29 А ,  Морские Дубки ул,  д.34 А ,  Морские Дубки ул,  д.53 А ,  Пограничная ул,  д.54 А ,  Пограничная ул,  д.53 А ,  Морские Дубки ул,  д.36 А ,  Пограничная ул,  д.40 А ,  Морские Дубки ул,  д.41 Б ,  Морские Дубки ул,  д.32 А ,  Пограничная ул,  д.49 А ,  Пограничная ул,  д.60 А ,  Морские Дубки ул,  д.29 Б ,  Морские Дубки ул,  д.30 А ,  Морские Дубки ул,  д.39 А ,  Морские Дубки ул,  д.31 А ,  Пограничная ул,  д.56 А ,  Пограничная ул,  д.30 А ,  Пограничная ул,  д.49  ,  лит.А,  Морские Дубки ул,  д.50 А ,  Морские Дубки ул,  д.40 А ,  Пограничная ул,  д.58 А ,  Пограничная ул,  д.61 А ,  Пограничная ул,  д.41 А",2023-09-25 09:00:00,2023-09-25 20:00:00,Северные электрические сети,Курортный РЭС,"ремонт ВЛ-0,4кВ"
Санкт-Петербург,Невский район,г. Санкт-Петербург,"ул. Седова,  д. 95,  к.2,  к.3.",2023-09-24 10:00:00,2023-09-24 17:00:00,Кабельная сеть,Невский РЭС,
Санкт-Петербург,Колпинский район,п. Металлострой,пром зона Металлострой,2023-09-24 10:00:00,2023-09-24 16:00:00,Южные электрические сети,Колпинский РЭС,
Санкт-Петербург,Пушкинский район,г. Пушкин,"Саперная. д. 55 к1с1,  к1с2,  к1с3",2023-09-22 22:00:00,2023-09-23 07:00:00,Южные электрические сети,Пушкинский РЭС,
Ленинградская область,Тосненский район,п. Рябово,"Мысленская,  Восточная,  Заводская,  Набережная,  Заречная",2023-09-22 17:00:00,2023-09-22 18:00:00,Гатчинские ЭС,Тосненский РЭС,В связи с производством оперативных переключений по ф.717-07
Ленинградская область,Лодейнопольский район,д.Старая Слобода,Центр,2023-09-22 13:00:00,2023-09-22 16:00:00,Новоладожские ЭС,Лодейнопольский РЭС,
Санкт-Петербург,Невский район,г. Санкт-Петербург,"ул. Ольги Берггольц,  д. 12,  лит.А; ул. Бабушкина,  д. 14,  лит.А.",2023-09-22 11:00:00,2023-09-22 17:00:00,Кабельная сеть,Невский РЭС,
Санкт-Петербург,Выборгский район (СПб),Санкт-Петербург,Ивана Фомина д. 9. пр. Просвещения д. 35,2023-09-22 11:00:00,2023-09-22 17:00:00,Кабельная сеть,Северный РЭС,
Санкт-Петербург,Красногвардейский район,Санкт-Петербург,"Красногвардейская площадь, д3",2023-09-22 10:30:00,2023-09-22 17:00:00,Кабельная сеть,Правобережный РЭС,
Санкт-Петербург,Приморский район (СПб),Санкт-Петербург,"бул. Серебристый д. 9 к. 2 (школа № 43),  бул. Серебристый д. 11 к. 2 (Д/С № 13) (К-к 7533),  бул. Серебристый д. 11 к. 1 (К-к № 7537),  бул. Серебристый д. 13 (К-к № 7536),  бул. Серебристый д. 15 (ГРЩ-1,  ГРЩ-2) (К-к № 7535)",2023-09-22 10:00:00,2023-09-22 18:00:00,Кабельная сеть,Западный РЭС,
Ленинградская область,Ломоносовский район,д.Лаголово,,2023-09-22 10:00:00,2023-09-22 17:00:00,Южные электрические сети,Красносельский РЭС,ТП-482
Ленинградская область,Всеволожский район,д.Борисова Грива,,2023-09-22 10:00:00,2023-09-22 17:00:00,Северные электрические сети,Всеволожский РЭС,
Ленинградская область,Тосненский район,п. Сиголово,"Солнечная,  Заречная",2023-09-22 10:00:00,2023-09-22 17:00:00,Гатчинские ЭС,Тосненский РЭС,"Выполнение замены провода на СИП, и вводов на здания."
Ленинградская область,Тосненский район,д. Сидорово,д.21а,2023-09-22 10:00:00,2023-09-22 17:00:00,Гатчинские ЭС,Тосненский РЭС,"Выполнение замены провода на СИП, и вводов на здания."
Ленинградская область,Ломоносовский район,"д.Пигелево,  д. Кемяряйзи, д.Кемеряйзи,   д.Капорское,  ,  КП Аннинские высоты,  СНТ Колос 2",,2023-09-22 10:00:00,2023-09-22 20:00:00,Южные электрические сети,Красносельский РЭС,
Санкт-Петербург,Петроградский район,Санкт-Петербург,"ул. Зверинская,  д. 28-30,  д. 32,  д. 34",2023-09-22 10:00:00,2023-09-22 18:00:00,Кабельная сеть,Островной РЭС,
Ленинградская область,Лодейнопольский район,д.Новая Слобода,,2023-09-22 10:00:00,2023-09-22 13:00:00,Новоладожские ЭС,Лодейнопольский РЭС,
Ленинградская область,Ломоносовский район,"ДНП Простоквашино,  ДНП Фаворит",,2023-09-22 10:00:00,2023-09-22 16:00:00,Гатчинские ЭС,Ломоносовский РЭС,Плановые работы (Заявка №52027)
Санкт-Петербург,Красногвардейский район,Санкт-Петербург,"М.Блюхера пр.,  д.67/2,  65,  63/2,  67/1,  67/3,  69; пр.Энергетиков,  д.70",2023-09-22 10:00:00,2023-09-22 20:00:00,Кабельная сеть,Восточный РЭС,
Ленинградская область,Ломоносовский район,"д.Капорское,  д. Кемпелево,  д.Тиммолово,  д.Яльгелево.",,2023-09-22 10:00:00,2023-09-22 20:00:00,Южные электрические сети,Красносельский РЭС,
Ленинградская область,Бокситогорский район,д. Костерино,,2023-09-22 10:00:00,2023-09-22 16:00:00,Тихвинские ЭС,Бокситогорский РЭС,
Санкт-Петербург,Московский район,Санкт-Петербург,"7-й Предпортовый пр. д. 14,  лит. А",2023-09-22 10:00:00,2023-09-22 16:00:00,Кабельная сеть,Южный РЭС,
Санкт-Петербург,Пушкинский район,г. Пушкин,Колпинское ш. д. 35А,2023-09-22 10:00:00,2023-09-22 20:00:00,Южные электрические сети,Пушкинский РЭС,
Санкт-Петербург,Пушкинский район,Пушкин,"Средняя,  д. 22, 15, 3,  Оранжерейная,  д. 6/14,  27/12,  4,  Леонтьевская,  д. 3/7,  11,  18",2023-09-22 10:00:00,2023-09-22 17:00:00,Южные электрические сети,Пушкинский РЭС,"Леонтьевская, д. 11,18 ночные переключений в период с 22:00 до 07:00  21-22 и 22-23сентября"
Ленинградская область,Гатчинский район,д.Хюттелево,,2023-09-22 10:00:00,2023-09-22 17:00:00,Южные электрические сети,Красносельский РЭС,ТП-5793
Санкт-Петербург,Пушкинский район,"г. Пушкин,  п. Александровская","Волхонское ш. д. 32,  44,  36а,  30,  28,  26,  24,  22,  16,  12,  14а,  18, 20,  38,  40,  42,  46,  48,  50, 46а.",2023-09-22 10:00:00,2023-09-22 21:00:00,Южные электрические сети,Пушкинский РЭС,
Ленинградская область,Приозерский район,п.Тракторное,полностью,2023-09-22 10:00:00,2023-09-22 17:00:00,Выборгские ЭС,Приозерский РЭС,ф.511-02 ТП-530  яч.ВН-10 ввода ф.511-02 протяжка контактных соединений.
Ленинградская область,Тосненский район,Федоровское ГП,Центральная,2023-09-22 10:00:00,2023-09-22 16:00:00,Южные электрические сети,Пушкинский РЭС,
Ленинградская область,Лодейнопольский район,Ветхое Село,,2023-09-22 09:30:00,2023-09-22 16:00:00,Новоладожские ЭС,Лодейнопольский РЭС,
Ленинградская область,Бокситогорский район,д.Мозолево-1,,2023-09-22 09:00:00,2023-09-22 17:00:00,Тихвинские ЭС,Бокситогорский РЭС,
Ленинградская область,Гатчинский район,д.Горки (рядом д.Мины),,2023-09-22 09:00:00,2023-09-22 17:00:00,Гатчинские ЭС,Тосненский РЭС,
Санкт-Петербург,Курортный район,п.Молодежное,"Приморское ш,  д.661, Правды ул,  д.3 ,  Правды ул,  д.5 ,  Правды ул,  д.5 лит.А,  пом.4Н,  Правды ул,  д.6А,  Правды ул,  д. участок 1 (восточнее д.4б,  лит.А по ул. Правды),  Приморское Шоссе,  д.659 ,  Пер. Правды,  д.6 ,  Правды ул,  д.5 пом.3-Н,  Правды ул,  д.5 пом.2-Н,  Правды ул,  д.6",2023-09-22 09:00:00,2023-09-22 20:00:00,Северные электрические сети,Курортный РЭС,Замена трансформаторов тока
Ленинградская область,Бокситогорский район,д.Золотово,,2023-09-22 09:00:00,2023-09-22 17:00:00,Тихвинские ЭС,Бокситогорский РЭС,
Ленинградская область,Всеволожский район,"д.Мистолово, д.Корабсельки",,2023-09-22 09:00:00,2023-09-22 17:00:00,Северные электрические сети,Сертоловский РЭС,
Ленинградская область,Волосовский район,Волна,,2023-09-22 09:00:00,2023-09-22 17:00:00,Кингисеппские ЭС,Кингисеппский РЭС,
Ленинградская область,Бокситогорский район,д.Абрамова Гора,,2023-09-22 09:00:00,2023-09-22 16:00:00,Тихвинские ЭС,Бокситогорский РЭС,
Ленинградская область,Лужский район,Гверездно,,2023-09-22 09:00:00,2023-09-22 17:00:00,Кингисеппские ЭС,Лужский РЭС,
Ленинградская область,Киришский район,СТ Рассвет,Полностью,2023-09-22 09:00:00,2023-09-22 17:00:00,Тихвинские ЭС,Тихвинский РЭС,
Ленинградская область,Тосненский район,г. Любань,"жил.дома-ул.Березовая аллея,       жил.дома-ул.Пролетарская, Калинина, Красная, Советская, Луговая                                                         8-е марта, Кирова, Эрджигитова, Урицкого,",2023-09-22 09:00:00,2023-09-22 18:30:00,Гатчинские ЭС,Тосненский РЭС,Чистка трассы ВЛ от ДКР
Ленинградская область,Всеволожский район,д.Борисова Грива,,2023-09-22 09:00:00,2023-09-22 17:00:00,Северные электрические сети,Всеволожский РЭС,
Ленинградская область,Киришский район,"д.Андреево,  д.Багольник",деревня,2023-09-22 09:00:00,2023-09-22 17:00:00,Тихвинские ЭС,Тихвинский РЭС,
Ленинградская область,Кингисеппский район,"Старое Гарколово,  Новое Гарколово","Забалканская,  Пограничная,  Сиреневая,  база отдыха",2023-09-22 09:00:00,2023-09-22 17:00:00,Кингисеппские ЭС,Кингисеппский РЭС,
Ленинградская область,Всеволожский район,д.Борисова Грива,,2023-09-22 09:00:00,2023-09-22 16:00:00,Северные электрические сети,Всеволожский РЭС,
Санкт-Петербург,Приморский район (СПб),"Лахта,  Ольгино","Санкт-Петербург,  Лахта тер.,  Колхозная ул,  10; Санкт-Петербург,  Лахта тер.,  Красных Партизан ул,  10,  1; Санкт-Петербург,  Колхозный пер,  5,  А; Санкт-Петербург,  Лахта тер.,  Совхозный пер,  4,  А; Санкт-Петербург,  Лахта тер.,  Колхозная ул,  1; Санкт-Петербург,  Лахта тер.,  Колхозная ул,  5; Санкт-Петербург,  Лахта тер.,  Колхозная ул,  6; Санкт-Петербург,  Лахта тер.,  Колхозная ул,  7,  А; Санкт-Петербург,  Лахта тер.,  Колхозная ул,  9,  А; Санкт-Петербург,  Лахта тер.,  Колхозная ул,  11,  2; Санкт-Петербург,  Лахта тер.,  Колхозная ул,  12; Санкт-Петербург,  Лахта тер.,  Колхозная ул,  13; Санкт-Петербург,  Лахта тер.,  Колхозная ул,  14,  А; Санкт-Петербург,  Лахта тер.,  Колхозная ул,  14; Санкт-Петербург,  Лахта тер.,  Колхозная ул,  18; Санкт-Петербург,  Лахта тер.,  Колхозная ул,  19,  1; Санкт-Петербург,  Лахта тер.,  Колхозная ул,  20,  А; Санкт-Петербург,  Лахта тер.,  Колхозная ул,  21; Санкт-Петербург,  Лахта тер.,  Колхозная ул,  22; Санкт-Петербург,  Лахта тер.,  Колхозная ул,  23; Санкт-Петербург,  Лахта тер.,  Колхозная ул,  24,  а,  А; Санкт-Петербург,  Лахта тер.,  Колхозная ул,  25; Санкт-Петербург,  Лахта тер.,  Колхозная ул,  27,  А; Санкт-Петербург,  Лахта тер.,  Колхозная ул,  29; Санкт-Петербург,  Лахта тер.,  Колхозная ул,  31; Санкт-Петербург,  Лахта тер.,  Колхозная ул,  33,  А; Санкт-Петербург,  Лахта тер.,  Колхозная ул,  33; Санкт-Петербург,  Лахта тер.,  Колхозная ул,  4; Санкт-Петербург,  Лахта тер.,  Колхозная ул,  16; Санкт-Петербург,  Лахта тер.,  Колхозная ул,  32; Санкт-Петербург,  Лахта тер.,  Красных Партизан ул,  10,  1,  А; Санкт-Петербург,  Лахта тер.,  Колхозная ул,  8; Санкт-Петербург,  Лахта тер.,  Красных Партизан ул,  12,  1,  лит.А; Санкт-Петербург,  Лахта тер.,  Колхозная ул,  36,  а; Санкт-Петербург,  Лахта тер.,  Сельский Пер.,  4; Санкт-Петербург,  Лахта тер.,  Сельский Пер.,  6; Санкт-Петербург,  Лахта тер.,  Сельский Пер.,  8; Санкт-Петербург,  Лахта тер.,  Совхозный Пер.,  3; Санкт-Петербург,  Лахта тер.,  Колхозная ул,  уч.48Санкт-Петербург,  Лахта тер.,  Колхозная ул,  уч.2(юго-западнее д.22 лит.А по Колхозной ул.); Санкт-Петербург,  Лахта тер.,  Колхозная ул,  уч.1 (юго-западнее д.22 лит.А по Колхозной ул.); Санкт-Петербург,  Лахта тер.,  Красных Партизан ул,  участок 1 (южнее д.10 корп.1 лит.А); Санкт-Петербург,  Лахта тер.,  Колхозная ул,  рядом с д.42-2,  опора №3; Санкт-Петербург,  Лахта тер.,  Станция Лахта; Санкт-Петербург,  Лахта тер.,  Колхозная ул,  30,  в,  ,  лит. А; Санкт-Петербург,  Лахта тер.,  Колхозная ул,  42,  1; Санкт-Петербург,  Лахта тер.,  Колхозная ул,  42,  2; Санкт-Петербург,  Лахта тер.,  Совхозный Пер.,  5; Санкт-Петербург,  Лахта тер.,  Колхозный Пер.,  4; Санкт-Петербург,  Лахта тер.,  Колхозный Пер.,  3; Санкт-Петербург,  Лахта тер.,  Колхозная ул,  3; Санкт-Петербург,  Лахта тер.,  Колхозный Пер.,  5; Санкт-Петербург,  Лахта тер.,  Колхозная ул,  15; Санкт-Петербург,  Лахта тер.,  Колхозная ул,  28,  ,  лит. Б; Санкт-Петербург,  Лахта тер.,  Колхозная ул,  30,  а; Санкт-Петербург,  Лахта тер.,  Колхозная ул,  25,  А; Санкт-Петербург,  Лахта тер.,  Колхозная ул,  15,  1,  А; Санкт-Петербург,  Лахта тер.,  Колхозная ул,  17,  2; Санкт-Петербург,  Лахта тер.,  Колхозная ул,  21,  А; Санкт-Петербург,  Лахта тер.,  Колхозная ул,  6,  А; Санкт-Петербург,  Лахта тер.,  Колхозная ул,  11,  2,  А; Санкт-Петербург,  Колхозный пер,  3,  А; Санкт-Петербург,  Лахта тер.,  Совхозный пер,  6,  А; Санкт-Петербург,  Лахта тер.,  Колхозная ул,  17,  2,  А; Санкт-Петербург,  Лахта тер.,  Красных Партизан ул,  14; Санкт-Петербург,  Лахта тер.,  Совхозный пер,  3,  А; Санкт-Петербург,  Лахта тер.,  Колхозная ул,  28,  А; Санкт-Петербург,  Лахта тер.,  Колхозная ул,  23,  А; Санкт-Петербург,  Лахта тер.,  Колхозная ул,  35,  А; Санкт-Петербург,  Лахта тер.,  Колхозная ул,  20; Санкт-Петербург,  Лахта тер.,  Колхозная ул,  16,  А; Санкт-Петербург,  Лахта тер.,  Колхозная ул,  5,  А; Санкт-Петербург,  Лахта тер.,  Колхозная ул,  24,  а лит.А; Санкт-Петербург,  Лахта тер.,  Колхозная ул,  28,  Б; Санкт-Петербург,  Лахта тер.,  Колхозная ул,  30,  б,  лит.А; Санкт-Петербург,  Лахта тер.,  Колхозная ул,  22,  А; Санкт-Петербург,  Лахта тер.,  Совхозный пер,  5,  А; Санкт-Петербург,  Лахта тер.,  Колхозная ул,  8,  Б; Санкт-Петербург,  Лахта тер.,  Колхозная ул,  19,  1,  А; Санкт-Петербург,  Лахта тер.,  Колхозная ул,  38,  А; Санкт-Петербург,  Лахта тер.,  Колхозная ул,  30,  б,  А; Санкт-Петербург,  Лахта тер.,  Колхозная ул,  18,  А; Санкт-Петербург,  Лахта тер.,  Колхозная ул,  10,  А; Санкт-Петербург,  Лахта тер.,  Красных Партизан ул,  16,  А; Санкт-Петербург,  Лахта тер.,  Колхозная ул,  30,  а,  А; Санкт-Петербург,  Колхозный пер,  4,  А",2023-09-22 09:00:00,2023-09-22 17:00:00,Северные электрические сети,Песочинский РЭС,"Уведомляем Вас о временном прекращение подачи электрической энергии на объекты нежилых и жилых помещений в посёлке Ольгино на 6 часов в период с 21.09.-22.09.203 с 09:00 до 17:00 в связи с технологическим подключением абонента по заявке №22-049970 филиала ПАО «Россети Ленэнерго» СЭС.

Напряжение на объекты будет подаваться по факту завершения работ без предварительного уведомления. На указанный период производства работ энергоснабжаемые объекты считать под напряжением."
Ленинградская область,Киришский район,"Еврейское болото, СТ Бережки,  АЗС-217 ""Киришиавтосервис""",,2023-09-22 09:00:00,2023-09-22 17:00:00,Тихвинские ЭС,Тихвинский РЭС,
Ленинградская область,Волосовский район,д. Голубовицы д. Шелково д. Кивалицы д. Добряницы д. Каськово д. Модолицы,,2023-09-22 09:00:00,2023-09-22 17:00:00,Гатчинские ЭС,Ломоносовский РЭС,Плановые работы
Ленинградская область,Волховский район,"Куколь,  Конец,  Заднево,  Нивы,  Дяглево,  Ежева,  Юрцево,  Монцево,  Великое село,  Хамонтово,  Коскеницы,  Колчаново","Нагорная,  Набережная,  Советская,  Центральная",2023-09-22 09:00:00,2023-09-22 17:00:00,Новоладожские ЭС,Волховский РЭС,
Ленинградская область,Бокситогорский район,д.Забелье Ефимовское с/п,,2023-09-22 06:00:00,2023-09-22 18:00:00,Тихвинские ЭС,Бокситогорский РЭС,
Ленинградская область,Тосненский район,п. Рябово,"Мысленская,  Восточная,  Заводская,  Набережная,  Заречная",2023-09-22 06:00:00,2023-09-22 07:00:00,Гатчинские ЭС,Тосненский РЭС,В связи с производством оперативных переключений по ф.717-07
Ленинградская область,Бокситогорский район,"д.Логиново,  д. Курята д.Толсть , д.Бирючево, д.Коргорка, д.Дубровка, д.Забелино, д.Маклаково, д.Селище",д.Климово пилорамы,2023-09-22 04:00:00,2023-09-22 17:00:00,Тихвинские ЭС,Бокситогорский РЭС,
Санкт-Петербург,Пушкинский район,г. Пушкин,"Саперная. д. 55 к1с1,  к1с2,  к1с3",2023-09-21 22:00:00,2023-09-22 07:00:00,Южные электрические сети,Пушкинский РЭС,
Ленинградская область,Волосовский район,Клопицы (частный сектор),население по дороге на Медниково,2023-09-21 13:00:00,2023-09-21 17:00:00,Гатчинские ЭС,Ломоносовский РЭС,плановые работы на ТП-8190
Санкт-Петербург,Красногвардейский район,Санкт-Петербург,"Революции ш.,  д.102/2,  88 лит.Х",2023-09-21 12:00:00,2023-09-21 18:00:00,Кабельная сеть,Восточный РЭС,
Ленинградская область,Гатчинский район,"п.Новинка, д.Новинка, Озерешно, Ольховец, Нестерково, Тарасино, Чаща, Дальний, Воцко, Кремено, Ракитино, СНТ""Новинка"".",,2023-09-21 12:00:00,2023-09-21 16:00:00,,,Работы на ПС-35 кВ Новинка.
Санкт-Петербург,Московский район,Санкт-Петербург,7-й Предпортовый пр. д. 1а,2023-09-21 12:00:00,2023-09-21 17:00:00,Кабельная сеть,Южный РЭС,
Санкт-Петербург,Фрунзенский район,г. Санкт-Петербург,"Бухарестская улица,  дом 96,  литера А.",2023-09-21 11:00:00,2023-09-21 17:00:00,Кабельная сеть,Невский РЭС,
Санкт-Петербург,Фрунзенский район,г. Санкт-Петербург,"ул. Будапештская,  д. 45,  лит.А; д. 49,  лит.Б; ,  д. 49,  к.1,  лит.А; д. 51,  лит.А; д. 55,  лит.А; Альпийский пер.,  д. 23,  к.2,  лит.А",2023-09-21 11:00:00,2023-09-21 17:00:00,Кабельная сеть,Невский РЭС,
Санкт-Петербург,Невский район,г. Санкт-Петербург,"ул. Бабушкина,  д. 56,  к.1,  к.2,  к.3; д. 58,  к.1,  к.2; д. 60; ул. Леснозаводская,  д. 3",2023-09-21 11:00:00,2023-09-21 17:00:00,Кабельная сеть,Невский РЭС,
Санкт-Петербург,Красногвардейский район,Санкт-Петербург,"пр.Новочеркасский,  д45к2",2023-09-21 11:00:00,2023-09-21 13:00:00,Кабельная сеть,Правобережный РЭС,
Ленинградская область,Всеволожский район,"Вартемяги,  Скотное ,  Рапполово,  Кавголово,",,2023-09-21 11:00:00,2023-09-21 17:00:00,Северные электрические сети,Сертоловский РЭС,
Санкт-Петербург,Петроградский район,Санкт-Петербург,"Александровский парк,  д. 3Г,  д. 4 к. 5,  пом.1Н; д. 5 лит. А,  Б,  В,  Г,  Д; Кронверкская наб.,  д. 3 лит. А,  д. 3 к.2",2023-09-21 11:00:00,2023-09-21 13:00:00,Кабельная сеть,Островной РЭС,кратковременное гашение на 10мин
Санкт-Петербург,Приморский район (СПб),Санкт-Петербург,"ул. Стародеревенская д. 5,  ул. Стародеревенская д. 6 к. 1,  ул. Школьная д. 86 к. 2,  ленсвет.",2023-09-21 10:00:00,2023-09-21 18:00:00,Кабельная сеть,Западный РЭС,
Санкт-Петербург,Приморский район (СПб),Санкт-Петербург,"ул. Нижне-Каменская д. 11,  ул. Нижне-Каменская д. 7 к. 1,  ул. Нижне-Каменская д. 7 к. 2,  Светофор,",2023-09-21 10:00:00,2023-09-21 17:00:00,Кабельная сеть,Западный РЭС,
Ленинградская область,Всеволожский район,"д.Екатериновка  пилорамма,  автозаправка д. Екатериновка,  ИП Шевцов,  СНТ «Новая Екатериновка»,  СНТ «Грузино-парк»,  СНТ «Долина»,  Индустриальный парк «Екатерининский»,  ООО «Конструктив»",,2023-09-21 10:00:00,2023-09-21 17:00:00,Северные электрические сети,Сертоловский РЭС,
Санкт-Петербург,Красносельский район,Красное село,пр. Ленина,2023-09-21 10:00:00,2023-09-21 17:00:00,Южные электрические сети,Красносельский РЭС,ТП-407к отключение на 2 час
Санкт-Петербург,Красносельский район,Красное село,пр. Ленина,2023-09-21 10:00:00,2023-09-21 17:00:00,Южные электрические сети,Красносельский РЭС,ТП-407к отключение на 2 час
Санкт-Петербург,Всеволожский район,Ржевка,,2023-09-21 10:00:00,2023-09-21 17:00:00,Северные электрические сети,Всеволожский РЭС,
Ленинградская область,Всеволожский район,"Приютино,  Ковалево",,2023-09-21 10:00:00,2023-09-21 17:00:00,Северные электрические сети,Всеволожский РЭС,
Ленинградская область,Тосненский район,п. Сиголово,"Солнечная,  Заречная",2023-09-21 10:00:00,2023-09-21 17:00:00,Гатчинские ЭС,Тосненский РЭС,"Выполнение замены провода на СИП, и вводов на здания."
Ленинградская область,Тосненский район,д. Сидорово,д.21а,2023-09-21 10:00:00,2023-09-21 17:00:00,Гатчинские ЭС,Тосненский РЭС,"Выполнение замены провода на СИП, и вводов на здания."
Ленинградская область,Тосненский район,д. Сидорово,д.21а,2023-09-21 10:00:00,2023-09-21 17:00:00,Гатчинские ЭС,Тосненский РЭС,"Выполнение замены провода на СИП, и вводов на здания."
Ленинградская область,Ломоносовский район,"д.Пигелево,  д. Кемяряйзи, д.Кемеряйзи,   д.Капорское,  ,  КП Аннинские высоты,  СНТ Колос 2",,2023-09-21 10:00:00,2023-09-21 20:00:00,Южные электрические сети,Красносельский РЭС,
Ленинградская область,Ломоносовский район,д.Разбегаево,,2023-09-21 10:00:00,2023-09-21 17:00:00,Южные электрические сети,Красносельский РЭС,ТП-492
Ленинградская область,Ломоносовский район,д.Райкузи,,2023-09-21 10:00:00,2023-09-21 18:00:00,Южные электрические сети,Красносельский РЭС,"ТП-5840, ТП-6396"
Ленинградская область,Ломоносовский район,п.Виллози.,,2023-09-21 10:00:00,2023-09-21 17:00:00,Южные электрические сети,Красносельский РЭС,ТП-516
Ленинградская область,Ломоносовский район,п. Аннино.,,2023-09-21 10:00:00,2023-09-21 17:00:00,Южные электрические сети,Красносельский РЭС,ТП-579
Санкт-Петербург,Василеостровский район,Санкт-Петербург,"ул. Наличная,  д. 32 к.1,  пом. 1-5Н",2023-09-21 10:00:00,2023-09-21 18:00:00,Кабельная сеть,Островной РЭС,
Ленинградская область,Лодейнопольский район,Рассвет,"д. 1,  2,  3,  4",2023-09-21 10:00:00,2023-09-21 16:00:00,Новоладожские ЭС,Лодейнопольский РЭС,
Ленинградская область,Лодейнопольский район,"д.Зиновий наволок,  Матреновщина",,2023-09-21 10:00:00,2023-09-21 16:00:00,Новоладожские ЭС,Лодейнопольский РЭС,
Ленинградская область,Ломоносовский район,СНТ Заостровье Заостровье Гостилицы ДНП Долина Уюта КП Медовая поляна Старый Бор Новое Заостровье СНТ Петергофские Предместья Большое Горлово ур. Мишелово Горлово,,2023-09-21 10:00:00,2023-09-21 17:00:00,Гатчинские ЭС,Ломоносовский РЭС,Плановые работы
Санкт-Петербург,Красногвардейский район,Санкт-Петербург,"М.Блюхера пр.,  д.67/2,  65,  63/2,  67/1,  67/3,  69; Энергетиков пр.,  д.70",2023-09-21 10:00:00,2023-09-21 20:00:00,Кабельная сеть,Восточный РЭС,
Санкт-Петербург,Центральный район,Санкт-Петербург,"наб. реки Фонтанки,  д. 49,   51-53,  пл. Островского,  д. 2,  ул. Зодчего Росси,  д. 2,  пл. Ломоносова,  д. 4",2023-09-21 10:00:00,2023-09-21 18:00:00,Кабельная сеть,Центральный РЭС,Аварийные работы
Ленинградская область,Ломоносовский район,"д.Капорское,  д. Кемпелево,  д.Тиммолово,  д.Яльгелево.",,2023-09-21 10:00:00,2023-09-21 20:00:00,Южные электрические сети,Красносельский РЭС,
Санкт-Петербург,Красногвардейский район,Санкт-Петербург,"М.Блюхера пр.,  д.78 лит.Ф,  лит.И,  лит.Ж,  лит.Б; д.76 стр.1,  стр.2",2023-09-21 10:00:00,2023-09-21 18:00:00,Кабельная сеть,Восточный РЭС,
Санкт-Петербург,Красногвардейский район,Санкт-Петербург,"М.Блюхера пр.,  д.78 лит.Н",2023-09-21 10:00:00,2023-09-21 18:00:00,Кабельная сеть,Восточный РЭС,
Санкт-Петербург,Красногвардейский район,Санкт-Петербург,"М.Блюхера пр.,  д.78 лит.А,  лит.М",2023-09-21 10:00:00,2023-09-21 18:00:00,Кабельная сеть,Восточный РЭС,
Санкт-Петербург,Приморский район (СПб),Санкт-Петербург,пр. Авиаконструкторов д. 18 к. 3.,2023-09-21 10:00:00,2023-09-21 21:00:00,Кабельная сеть,Западный РЭС,
Санкт-Петербург,Приморский район (СПб),Санкт-Петербург,пр. Авиаконструкторов д. 18 к. 3.,2023-09-21 10:00:00,2023-09-21 21:00:00,Кабельная сеть,Западный РЭС,
Ленинградская область,Лужский район,Загорье,,2023-09-21 10:00:00,2023-09-22 16:00:00,Кингисеппские ЭС,Лужский РЭС,
Ленинградская область,Лужский район,Загорье,,2023-09-21 10:00:00,2023-09-22 16:00:00,Кингисеппские ЭС,Лужский РЭС,
Санкт-Петербург,Пушкинский район,Пушкин,"Средняя,  д. 22, 15, 26/8, 24, 13,  Садовая,  д.э 14,  Оранжерейная,  д. 6/14,  27/12,  4",2023-09-21 10:00:00,2023-09-21 17:00:00,Южные электрические сети,Пушкинский РЭС,"ул. Средняя, д. 13, 26/8, 24, 18, Оранжерейная, д. 27/12 ночные переключений в период с 22:00 до 07:00 20-21 и 21-22 сентября"
Санкт-Петербург,Фрунзенский район,Санкт-Петербург,Волковский пр. д. 32,2023-09-21 10:00:00,2023-09-21 20:00:00,Кабельная сеть,Южный РЭС,
Санкт-Петербург,Пушкинский район,"г. Пушкин,  п. Александровская","Волхонское ш. д. 32,  44,  ,  Ручейный прооехд,  16,  18,  20,  22,  24,  38, 36,  34,  32,  10,  8, 6, 4, 4а, 2, 8, 10,  Рабочий пер.,  д. 17,  Линенградское ш.,  д. 40. 38,  14,  16,  18,  20,  22,  24,  26 , 28",2023-09-21 10:00:00,2023-09-21 21:00:00,Южные электрические сети,Пушкинский РЭС,
Ленинградская область,Киришский район,д.Среднее село,Частично,2023-09-21 10:00:00,2023-09-21 17:00:00,Тихвинские ЭС,Тихвинский РЭС,
Ленинградская область,Киришский район,д.Среднее село,Частично,2023-09-21 10:00:00,2023-09-21 17:00:00,Тихвинские ЭС,Тихвинский РЭС,
Ленинградская область,Тосненский район,"Федоровское ГП,","уч. Восточный,  1-й Восточный,  Промышленная,  Оборонная,  Пролетарская,  Техническая,  1-й Оборонный проезд,",2023-09-21 10:00:00,2023-09-21 17:00:00,Южные электрические сети,Пушкинский РЭС,
Ленинградская область,Тосненский район,"садоводческий массив ижора,  гп. Федоровское,  садоводство Контакт,  садоводство Текстиль,  садоводство Уголек","ул. Южная дорога,  ул. Полевая",2023-09-21 10:00:00,2023-09-21 16:00:00,Южные электрические сети,Пушкинский РЭС,
Санкт-Петербург,Петроградский район,Санкт-Петербург,"Яхтенный мост,  с выходом на Крестовский о-в,  в створе Яхтенной ул.; Северная дорога,  д. 15",2023-09-21 10:00:00,2023-09-21 18:00:00,Кабельная сеть,Островной РЭС,
Ленинградская область,Лодейнопольский район,Новая Слобода,,2023-09-21 09:30:00,2023-09-21 16:30:00,Новоладожские ЭС,Лодейнопольский РЭС,
Ленинградская область,Лодейнопольский район,"Агашово,  Шапша,  Печеницы,  Руссконицы",,2023-09-21 09:30:00,2023-09-21 16:30:00,Новоладожские ЭС,Лодейнопольский РЭС,
Ленинградская область,Приозерский район,п.Плодовое часть,"Строителей,  Парковая,  ДК, контора совхоза,  КНС,  н/ст, котельная",2023-09-21 09:30:00,2023-09-21 17:00:00,Выборгские ЭС,Приозерский РЭС,ВЛ-10кВ ф.511-01 на ТП-81 текущий ремонт ВН-10кВ ввода ф.511-02
Ленинградская область,Бокситогорский район,Чудцы-РТРС,,2023-09-21 09:00:00,2023-09-21 17:00:00,Тихвинские ЭС,Бокситогорский РЭС,
Ленинградская область,Бокситогорский район,д.Маклаково,,2023-09-21 09:00:00,2023-09-21 17:00:00,Тихвинские ЭС,Бокситогорский РЭС,
Ленинградская область,Гатчинский район,д.Горки (рядом д.Мины),,2023-09-21 09:00:00,2023-09-21 17:00:00,Гатчинские ЭС,Тосненский РЭС,
Санкт-Петербург,Курортный район,п.Солнечное,"Петровская наб.,  д.6 ,  2-я Боровая ул,  д.6А, Б",2023-09-21 09:00:00,2023-09-21 20:00:00,Северные электрические сети,Курортный РЭС,ремонт здания
Санкт-Петербург,Курортный район,п.Молодежное,"Приморское ш,  д.648, Приморское ш,  д.650, КНС № 3, КНС № 4, КНС № 6, Приморское ш,  д.650А, Приморское ш,  д.648А, В",2023-09-21 09:00:00,2023-09-21 20:00:00,Северные электрические сети,Курортный РЭС,Замена трансформаторов тока
Санкт-Петербург,Курортный район,г.Зеленогорск,"Ленина ул.,  д.15А, Комсомольская ул Участок 11",2023-09-21 09:00:00,2023-09-21 20:00:00,Северные электрические сети,Курортный РЭС,Замена трансформаторов тока
Ленинградская область,Бокситогорский район,Чудцы-РТРС,,2023-09-21 09:00:00,2023-09-21 17:00:00,Тихвинские ЭС,Бокситогорский РЭС,
Ленинградская область,Волосовский район,"Ронковицы, Ольхово, Греблово, Медниково",население,2023-09-21 09:00:00,2023-09-21 18:00:00,Гатчинские ЭС,Ломоносовский РЭС,Плановые работы на ВЛ 10кВ
Ленинградская область,Волосовский район,"Красные Череповицы, Ржевка, Клопицы (частный сектор)",население,2023-09-21 09:00:00,2023-09-21 18:00:00,Гатчинские ЭС,Ломоносовский РЭС,Плановые работы на ВЛ 10кВ
Ленинградская область,Бокситогорский район,д.Абрамова Гора,,2023-09-21 09:00:00,2023-09-21 17:00:00,Тихвинские ЭС,Бокситогорский РЭС,
Ленинградская область,Сланцевский район,Старополье,"Администрация,  Почта,  МКД 1,  2,  ФАП. Сбербанк.",2023-09-21 09:00:00,2023-09-21 16:00:00,Кингисеппские ЭС,Кингисеппский РЭС,
Ленинградская область,Тосненский район,г. Любань,"жил.дома-ул.Березовая аллея,       жил.дома-ул.Пролетарская, Калинина, Красная, Советская, Луговая                                                         8-е марта, Кирова, Эрджигитова, Урицкого,",2023-09-21 09:00:00,2023-09-21 18:30:00,Гатчинские ЭС,Тосненский РЭС,Чистка трассы ВЛ от ДКР
Ленинградская область,Лужский район,Холомцы,,2023-09-21 09:00:00,2023-09-21 17:00:00,Кингисеппские ЭС,Лужский РЭС,
Ленинградская область,Киришский район,СТ Рассвет,Полностью,2023-09-21 09:00:00,2023-09-21 17:00:00,Тихвинские ЭС,Тихвинский РЭС,
Ленинградская область,Всеволожский район,СНТ Кокосы.,-,2023-09-21 09:00:00,2023-09-21 19:00:00,Северные электрические сети,Всеволожский РЭС,
Ленинградская область,Киришский район,"д.Андреево,  д.Багольник",деревня,2023-09-21 09:00:00,2023-09-21 17:00:00,Тихвинские ЭС,Тихвинский РЭС,
Ленинградская область,Кингисеппский район,"Старое Гарколово,  Новое Гарколово","Забалканская,  Пограничная,  Сиреневая,  база отдыха",2023-09-21 09:00:00,2023-09-21 17:00:00,Кингисеппские ЭС,Кингисеппский РЭС,
Ленинградская область,Всеволожский район,д.Мистолово,,2023-09-21 09:00:00,2023-09-21 16:00:00,Северные электрические сети,Сертоловский РЭС,
Ленинградская область,Всеволожский район,п.Ново-девяткино,пром.зона,2023-09-21 09:00:00,2023-09-21 17:00:00,Северные электрические сети,Сертоловский РЭС,
Ленинградская область,Волховский район,д. Загубье,Набережная,2023-09-21 09:00:00,2023-09-21 16:00:00,Новоладожские ЭС,Лодейнопольский РЭС,Плановое отключение
Ленинградская область,Волосовский район,Клопицы (частный сектор),население по основной дороге,2023-09-21 09:00:00,2023-09-21 12:00:00,Гатчинские ЭС,Ломоносовский РЭС,плановые работы на ТП-8130
Ленинградская область,Волосовский район,"Сельцо,  Слободка,  Рутелицы",население,2023-09-21 09:00:00,2023-09-21 17:00:00,Гатчинские ЭС,Ломоносовский РЭС,плановые работы на ВЛ 10кВ
Ленинградская область,Бокситогорский район,"д. Лиственка,  д. Костерино,  д.Перунь",,2023-09-21 09:00:00,2023-09-21 18:00:00,Тихвинские ЭС,Бокситогорский РЭС,
Ленинградская область,Тихвинский район,"д. Засыпье,  д. Вяльгино",,2023-09-21 09:00:00,2023-09-21 17:00:00,Тихвинские ЭС,Тихвинский РЭС,
Ленинградская область,Волосовский район,"Стойгино, Смедово, Черенковицы",население,2023-09-21 09:00:00,2023-09-21 17:00:00,Гатчинские ЭС,Ломоносовский РЭС,плановые работы на  ВЛ 10кВ
Санкт-Петербург,Приморский район (СПб),"Лахта,  Ольгино","Санкт-Петербург,  Лахта тер.,  Колхозная ул,  10; Санкт-Петербург,  Лахта тер.,  Красных Партизан ул,  10,  1; Санкт-Петербург,  Колхозный пер,  5,  А; Санкт-Петербург,  Лахта тер.,  Совхозный пер,  4,  А; Санкт-Петербург,  Лахта тер.,  Колхозная ул,  1; Санкт-Петербург,  Лахта тер.,  Колхозная ул,  5; Санкт-Петербург,  Лахта тер.,  Колхозная ул,  6; Санкт-Петербург,  Лахта тер.,  Колхозная ул,  7,  А; Санкт-Петербург,  Лахта тер.,  Колхозная ул,  9,  А; Санкт-Петербург,  Лахта тер.,  Колхозная ул,  11,  2; Санкт-Петербург,  Лахта тер.,  Колхозная ул,  12; Санкт-Петербург,  Лахта тер.,  Колхозная ул,  13; Санкт-Петербург,  Лахта тер.,  Колхозная ул,  14,  А; Санкт-Петербург,  Лахта тер.,  Колхозная ул,  14; Санкт-Петербург,  Лахта тер.,  Колхозная ул,  18; Санкт-Петербург,  Лахта тер.,  Колхозная ул,  19,  1; Санкт-Петербург,  Лахта тер.,  Колхозная ул,  20,  А; Санкт-Петербург,  Лахта тер.,  Колхозная ул,  21; Санкт-Петербург,  Лахта тер.,  Колхозная ул,  22; Санкт-Петербург,  Лахта тер.,  Колхозная ул,  23; Санкт-Петербург,  Лахта тер.,  Колхозная ул,  24,  а,  А; Санкт-Петербург,  Лахта тер.,  Колхозная ул,  25; Санкт-Петербург,  Лахта тер.,  Колхозная ул,  27,  А; Санкт-Петербург,  Лахта тер.,  Колхозная ул,  29; Санкт-Петербург,  Лахта тер.,  Колхозная ул,  31; Санкт-Петербург,  Лахта тер.,  Колхозная ул,  33,  А; Санкт-Петербург,  Лахта тер.,  Колхозная ул,  33; Санкт-Петербург,  Лахта тер.,  Колхозная ул,  4; Санкт-Петербург,  Лахта тер.,  Колхозная ул,  16; Санкт-Петербург,  Лахта тер.,  Колхозная ул,  32; Санкт-Петербург,  Лахта тер.,  Красных Партизан ул,  10,  1,  А; Санкт-Петербург,  Лахта тер.,  Колхозная ул,  8; Санкт-Петербург,  Лахта тер.,  Красных Партизан ул,  12,  1,  лит.А; Санкт-Петербург,  Лахта тер.,  Колхозная ул,  36,  а; Санкт-Петербург,  Лахта тер.,  Сельский Пер.,  4; Санкт-Петербург,  Лахта тер.,  Сельский Пер.,  6; Санкт-Петербург,  Лахта тер.,  Сельский Пер.,  8; Санкт-Петербург,  Лахта тер.,  Совхозный Пер.,  3; Санкт-Петербург,  Лахта тер.,  Колхозная ул,  уч.48Санкт-Петербург,  Лахта тер.,  Колхозная ул,  уч.2(юго-западнее д.22 лит.А по Колхозной ул.); Санкт-Петербург,  Лахта тер.,  Колхозная ул,  уч.1 (юго-западнее д.22 лит.А по Колхозной ул.); Санкт-Петербург,  Лахта тер.,  Красных Партизан ул,  участок 1 (южнее д.10 корп.1 лит.А); Санкт-Петербург,  Лахта тер.,  Колхозная ул,  рядом с д.42-2,  опора №3; Санкт-Петербург,  Лахта тер.,  Станция Лахта; Санкт-Петербург,  Лахта тер.,  Колхозная ул,  30,  в,  ,  лит. А; Санкт-Петербург,  Лахта тер.,  Колхозная ул,  42,  1; Санкт-Петербург,  Лахта тер.,  Колхозная ул,  42,  2; Санкт-Петербург,  Лахта тер.,  Совхозный Пер.,  5; Санкт-Петербург,  Лахта тер.,  Колхозный Пер.,  4; Санкт-Петербург,  Лахта тер.,  Колхозный Пер.,  3; Санкт-Петербург,  Лахта тер.,  Колхозная ул,  3; Санкт-Петербург,  Лахта тер.,  Колхозный Пер.,  5; Санкт-Петербург,  Лахта тер.,  Колхозная ул,  15; Санкт-Петербург,  Лахта тер.,  Колхозная ул,  28,  ,  лит. Б; Санкт-Петербург,  Лахта тер.,  Колхозная ул,  30,  а; Санкт-Петербург,  Лахта тер.,  Колхозная ул,  25,  А; Санкт-Петербург,  Лахта тер.,  Колхозная ул,  15,  1,  А; Санкт-Петербург,  Лахта тер.,  Колхозная ул,  17,  2; Санкт-Петербург,  Лахта тер.,  Колхозная ул,  21,  А; Санкт-Петербург,  Лахта тер.,  Колхозная ул,  6,  А; Санкт-Петербург,  Лахта тер.,  Колхозная ул,  11,  2,  А; Санкт-Петербург,  Колхозный пер,  3,  А; Санкт-Петербург,  Лахта тер.,  Совхозный пер,  6,  А; Санкт-Петербург,  Лахта тер.,  Колхозная ул,  17,  2,  А; Санкт-Петербург,  Лахта тер.,  Красных Партизан ул,  14; Санкт-Петербург,  Лахта тер.,  Совхозный пер,  3,  А; Санкт-Петербург,  Лахта тер.,  Колхозная ул,  28,  А; Санкт-Петербург,  Лахта тер.,  Колхозная ул,  23,  А; Санкт-Петербург,  Лахта тер.,  Колхозная ул,  35,  А; Санкт-Петербург,  Лахта тер.,  Колхозная ул,  20; Санкт-Петербург,  Лахта тер.,  Колхозная ул,  16,  А; Санкт-Петербург,  Лахта тер.,  Колхозная ул,  5,  А; Санкт-Петербург,  Лахта тер.,  Колхозная ул,  24,  а лит.А; Санкт-Петербург,  Лахта тер.,  Колхозная ул,  28,  Б; Санкт-Петербург,  Лахта тер.,  Колхозная ул,  30,  б,  лит.А; Санкт-Петербург,  Лахта тер.,  Колхозная ул,  22,  А; Санкт-Петербург,  Лахта тер.,  Совхозный пер,  5,  А; Санкт-Петербург,  Лахта тер.,  Колхозная ул,  8,  Б; Санкт-Петербург,  Лахта тер.,  Колхозная ул,  19,  1,  А; Санкт-Петербург,  Лахта тер.,  Колхозная ул,  38,  А; Санкт-Петербург,  Лахта тер.,  Колхозная ул,  30,  б,  А; Санкт-Петербург,  Лахта тер.,  Колхозная ул,  18,  А; Санкт-Петербург,  Лахта тер.,  Колхозная ул,  10,  А; Санкт-Петербург,  Лахта тер.,  Красных Партизан ул,  16,  А; Санкт-Петербург,  Лахта тер.,  Колхозная ул,  30,  а,  А; Санкт-Петербург,  Колхозный пер,  4,  А",2023-09-21 09:00:00,2023-09-21 17:00:00,Северные электрические сети,Песочинский РЭС,"Уведомляем Вас о временном прекращение подачи электрической энергии на объекты нежилых и жилых помещений в посёлке Ольгино на 6 часов в период с 21.09.-22.09.203 с 09:00 до 17:00 в связи с технологическим подключением абонента по заявке №22-049970 филиала ПАО «Россети Ленэнерго» СЭС.

Напряжение на объекты будет подаваться по факту завершения работ без предварительного уведомления. На указанный период производства работ энергоснабжаемые объекты считать под напряжением."
Ленинградская область,Киришский район,"Еврейское болото, СТ Бережки,  АЗС-217 ""Киришиавтосервис""",,2023-09-21 09:00:00,2023-09-21 17:00:00,Тихвинские ЭС,Тихвинский РЭС,
Санкт-Петербург,Пушкинский район,г. Павловск,"ул. Декабристов д.9,  11, 11А, 13, 13А, 10, 10А, 6,  ул. Красного Курсанта д.3, 8/6,  ул. Луначарского д.12, 4, 6, 8",2023-09-21 09:00:00,2023-09-21 21:00:00,Южные электрические сети,Пушкинский РЭС,
Ленинградская область,Волосовский район,п. Молосковицы,,2023-09-21 09:00:00,2023-09-21 17:00:00,Кингисеппские ЭС,Кингисеппский РЭС,
Ленинградская область,Кингисеппский район,Горки,,2023-09-21 09:00:00,2023-09-21 17:00:00,Кингисеппские ЭС,Кингисеппский РЭС,
Ленинградская область,Кингисеппский район,Кленно,,2023-09-21 09:00:00,2023-09-21 17:00:00,Кингисеппские ЭС,Кингисеппский РЭС,
Ленинградская область,Кингисеппский район,Килли,,2023-09-21 09:00:00,2023-09-21 17:00:00,Кингисеппские ЭС,Кингисеппский РЭС,
Ленинградская область,Лужский район,"Большая Дивенка,  Тозырево",,2023-09-21 09:00:00,2023-09-21 19:00:00,Кингисеппские ЭС,Лужский РЭС,
Ленинградская область,Лужский район,Володарское,Люблинская,2023-09-21 09:00:00,2023-09-22 17:00:00,Кингисеппские ЭС,Лужский РЭС,
Ленинградская область,Волосовский район,"д. Голубовицы,  д. Шелково",,2023-09-21 09:00:00,2023-09-21 17:00:00,Гатчинские ЭС,Ломоносовский РЭС,Плановые работы
Ленинградская область,Лужский район,Пустынь,,2023-09-21 08:00:00,2023-09-22 17:00:00,Кингисеппские ЭС,Лужский РЭС,
Ленинградская область,Бокситогорский район,д.Забелье Ефимовское с/п,,2023-09-21 06:00:00,2023-09-21 18:00:00,Тихвинские ЭС,Бокситогорский РЭС,
Ленинградская область,Бокситогорский район,"д.Логиново,  д. Курята д.Толсть , д.Бирючево, д.Коргорка, д.Дубровка, д.Забелино, д.Маклаково, д.Селище",д.Климово пилорамы,2023-09-21 04:00:00,2023-09-21 17:00:00,Тихвинские ЭС,Бокситогорский РЭС,
Ленинградская область,Гатчинский район,"Антропшино,  г. Коммунар,  д. Покровское,  Пудомягское сп.,  ,  КП ""Русская усадьба""","ул. Антропшинская ч/сектор д.75-115,  Гамболовский проезд,  ДНП Покровская Усадьба,  Парковая д.3,  Садоводство Славяночка-2,  Славяночка-3,  КП Павловские Дачи,",2023-09-21 00:00:00,2023-09-21 07:00:00,Южные электрические сети,Пушкинский РЭС,
Санкт-Петербург,Колпинский район,п. Шушары,Пром. зона Шушары,2023-09-20 14:00:00,2023-09-20 17:00:00,Южные электрические сети,Колпинский РЭС,
Ленинградская область,Выборгский район (ЛО),п.Большое Поле,частично,2023-09-20 13:00:00,2023-09-20 16:00:00,Выборгские ЭС,Выборгский РЭС,
Ленинградская область,Ломоносовский район,"д.Капорское,  д. Кемпелево,  д.Тиммолово,  д.Яльгелево.",,2023-09-20 12:00:00,2023-09-20 17:00:00,Южные электрические сети,Красносельский РЭС,
Санкт-Петербург,Петроградский район,Санкт-Петербург,"Петроградская наб.,  д. 2-4; ул. Пеньковая,  д. 3,  д. 8/6; ул. Куйбышева,  д. 23 к.2",2023-09-20 12:00:00,2023-09-20 18:00:00,Кабельная сеть,Островной РЭС,Перевод нагрузки на Т-2
Санкт-Петербург,Фрунзенский район,Санкт-Петербург,Лиговский пр. д.138 л.А; д.140 л.А; д.144 л.А,2023-09-20 11:00:00,2023-09-20 14:00:00,Кабельная сеть,Южный РЭС,
Санкт-Петербург,Невский район,г. Санкт-Петербург,"пр. Елизарова,  д. 16,  лит. А.",2023-09-20 11:00:00,2023-09-20 15:00:00,Кабельная сеть,Невский РЭС,кратковременно на 1-1.5 часа
Санкт-Петербург,Пушкинский район,тер. Пулковское,"Пулковское ш. д.103 уч. 56, 57, 61, 62, 63",2023-09-20 10:00:00,2023-09-20 17:20:00,Южные электрические сети,Пушкинский РЭС,
Ленинградская область,Ломоносовский район,"Райкузи,  Иннолово","ул. Садовая,  ул,  Посадская,  Заречная",2023-09-20 10:00:00,2023-09-20 18:00:00,Южные электрические сети,Красносельский РЭС,"ТП-5840, ТП-6396"
Ленинградская область,Тихвинский район,д. Паголда ТП 143-22-20 (Паголда-котеджи),,2023-09-20 10:00:00,2023-09-20 17:00:00,Тихвинские ЭС,Тихвинский РЭС,Планируемое время отключения не более 5 часов в указанный период времени
Ленинградская область,Ломоносовский район,д.Лаголово,,2023-09-20 10:00:00,2023-09-20 17:00:00,Южные электрические сети,Красносельский РЭС,"ТП-6064, ТП-6491"
Ленинградская область,Всеволожский район,"СНТ «Восход»,  СНТ «Метеор»,  СНТ «Красный Маяк»,  СНТ «Электроприбор»,  СНТ им.Кулакова,  СНТ «Трансмашевец», СНТ «Метрополитеновец»,  СНТ «Управление Октябрьской железной дороги»,  СНТ «Рабочий»,  СНТ «Фрунзевец»,  СНТ «Балтиец»,  СНТ «Леспроект»,  ООО «Полюстрово»,  СНТ «Эскалатор»,  СНТ «Красная нить»,   СНТ «Севзапстрой»,  СНТ «Красная Заря» ,  СНТ «Турбостроитель»,  АСНТ «Рубикон»,  д.Васкелово  Лемболовская набережная,  МЦ «Борменталь» .",,2023-09-20 10:00:00,2023-09-20 18:00:00,Северные электрические сети,Сертоловский РЭС,
Санкт-Петербург,Красносельский район,Красное село,пр. Ленина,2023-09-20 10:00:00,2023-09-20 17:00:00,Южные электрические сети,Красносельский РЭС,ТП-407к отключение на 2 часа
Ленинградская область,Тосненский район,п. Сиголово,"Солнечная,  Заречная",2023-09-20 10:00:00,2023-09-20 17:00:00,Гатчинские ЭС,Тосненский РЭС,"Выполнение замены провода на СИП, и вводов на здания."
Ленинградская область,Тосненский район,д. Сидорово,д.21а,2023-09-20 10:00:00,2023-09-20 17:00:00,Гатчинские ЭС,Тосненский РЭС,"Выполнение замены провода на СИП, и вводов на здания."
Ленинградская область,Ломоносовский район,"д.Пигелево,  д. Кемяряйзи, д.Кемеряйзи,   д.Капорское,  ,  КП Аннинские высоты,  СНТ Колос 2",,2023-09-20 10:00:00,2023-09-20 20:00:00,Южные электрические сети,Красносельский РЭС,
Ленинградская область,Ломоносовский район,д.Разбегаево,,2023-09-20 10:00:00,2023-09-20 17:00:00,Южные электрические сети,Красносельский РЭС,ТП-506
Ленинградская область,Кингисеппский район,Солка-3,,2023-09-20 10:00:00,2023-09-20 17:00:00,Кингисеппские ЭС,Кингисеппский РЭС,
Ленинградская область,Лужский район,Пустынь,,2023-09-20 10:00:00,2023-09-22 17:00:00,Кингисеппские ЭС,Лужский РЭС,
Ленинградская область,Приозерский район,п.Приладожское часть,Б/о,2023-09-20 10:00:00,2023-09-20 17:00:00,Выборгские ЭС,Приозерский РЭС,ВЛ-10кВ ф.511-05 уч. от ЛР-97 до ТП-187 - чистка трасы от ДКР
Ленинградская область,Приозерский район,п. Сосново,"ж/дома: ул. Шоссейная,  ул. Ленинградская,  ул. Набережная,  ул. Железнодорожная,  Еловый пер.,  ул. Ладожская АЗС «Кириши»,  БС ""Билайн"",  ""Газпроминвест"",  шиномонтаж,  ""Дельта""",2023-09-20 09:00:00,2023-09-20 18:00:00,Выборгские ЭС,Приозерский РЭС,
Санкт-Петербург,Курортный район,п.Ушково,"Вокзальная ул,  д.4,    Вокзальная ул,  д.6,    Вокзальная ул,  д.6,  лит. А,  Вокзальная ул,  д.8,    Вокзальная ул,  д.9,    Вокзальная ул,  д.10,    Сосновая ул,  д.6,   лит. А,   Детская ул,  д.41,   лит. А,     Почтовый пер,  д.8,   лит. А,  Сосновая ул,  д.6,   лит. Б,     Сосновая ул,  д.6,    Вокзальная ул,  д.11, Детская ул,  д.32,    Детская ул,  д.37,  Детская ул,  д.41,    Сосновая ул,  д.9,    Почтовый Пер.,  д.10лит.А ,  Сосновая ул,  д.11лит.А   Почтовая Ул.,  д.5,    Вокзальная ул,  д.3,   лит. а,   Почтовый Пер.,  д.8лит.А   , Почтовая Ул уч. 7 (юго-восточнее д. 15,  лит. А по Почтовой ул.)   , Сосновая ул,  д.4,   лит. ,  лит. А   Вокзальная ул,  д.11,   лит. а,  Почтовый Пер.,  д.,   лит. ,  16 лит. А   Почтовая Ул уч. 2  ,  Сосновая ул,  д.12лит. А   , Вокзальная ул,  уч 4 (южнее д. 4 лит А по Вокзальной ул) , Полевая Ул.,  д.3стр.1, Сосновая ул,  д.3, лит. А  , Детская ул,  д.31,   лит. А,  Б, В, Д,    Сосновая ул уч.5,  кад. 78:38:0022613:30   Полевая Ул.,  д.4,  Почтовый Пер.,  д.14,  Почтовый Пер.,  д.10,    Почтовый Пер.,  д.4,    Почтовая Ул.,  д.15,    Почтовая Ул.,  д.4,    Почтовая Ул.,  д.8,  Сосновая ул,  д.9,   лит. А,     Почтовая Ул.,  д.15,   лит. А,     Вокзальная ул,  д.8,   лит. А,     Вокзальная ул,  д.9,   лит. А,     Почтовый пер,  д.10,   лит. А,     Детская ул,  д.32,   лит. Б,     Сосновая ул,  д.4,   лит. А,     Почтовый пер,  д.14,   лит. А,     Почтовая Ул.,  д.16,   лит. А,     Вокзальная ул,  д.4,   лит. А,   Полевая ул,  д.4,   лит. А,     Вокзальная ул,  д.10,   лит. А,   Почтовый пер,  д.4,   лит. А,   Почтовый пер,  д.16,   лит. А,     Вокзальная ул,  д.11лит. А,  Вокзальная ул,  д.11,   лит. А,",2023-09-20 09:00:00,2023-09-20 20:00:00,Северные электрические сети,Курортный РЭС,Капитальный ремонт здания ТП
Ленинградская область,Волосовский район,"Жилгородок, Ронковицы, Ольхово, Греблово, Медниково","население,  котельные,  водозаборы",2023-09-20 09:00:00,2023-09-20 13:00:00,Гатчинские ЭС,Ломоносовский РЭС,Плановые работы на ВЛ 10кВ
Ленинградская область,Волосовский район,"Ронковицы, Ольхово, Греблово, Медниково",население,2023-09-20 09:00:00,2023-09-20 18:00:00,Гатчинские ЭС,Ломоносовский РЭС,Плановые работы на ВЛ 10кВ
Ленинградская область,Волосовский район,"Красные Череповицы, Ржевка, Клопицы (частный сектор)",население,2023-09-20 09:00:00,2023-09-20 18:00:00,Гатчинские ЭС,Ломоносовский РЭС,Плановые работы на ВЛ 10кВ
Ленинградская область,Бокситогорский район,д.Абрамова Гора,,2023-09-20 09:00:00,2023-09-20 17:00:00,Тихвинские ЭС,Бокситогорский РЭС,
Ленинградская область,Волосовский район,"Шадырицы, Малая Александровка,  Неревицы",,2023-09-20 09:00:00,2023-09-20 17:00:00,Кингисеппские ЭС,Кингисеппский РЭС,
Ленинградская область,Подпорожский район,Хевроньино,,2023-09-20 09:00:00,2023-09-20 17:00:00,Новоладожские ЭС,Лодейнопольский РЭС,
Ленинградская область,Киришский район,"Еврейское болото, СТ Бережки",,2023-09-20 09:00:00,2023-09-20 17:00:00,Тихвинские ЭС,Тихвинский РЭС,
Ленинградская область,Киришский район,СТ Рассвет,Полностью,2023-09-20 09:00:00,2023-09-20 17:00:00,Тихвинские ЭС,Тихвинский РЭС,
Ленинградская область,Киришский район,"д.Андреево,  д.Багольник",деревня,2023-09-20 09:00:00,2023-09-20 17:00:00,Тихвинские ЭС,Тихвинский РЭС,
Ленинградская область,Всеволожский район,д.Сярьги,,2023-09-20 09:00:00,2023-09-20 17:00:00,Северные электрические сети,Сертоловский РЭС,
Ленинградская область,Тихвинский район,"д. Рандога,  д.Крючково,  д.Кулига",,2023-09-20 09:00:00,2023-09-20 17:00:00,Тихвинские ЭС,Тихвинский РЭС,
Ленинградская область,Лужский район,Раковичи,,2023-09-20 09:00:00,2023-09-20 17:00:00,Кингисеппские ЭС,Лужский РЭС,
Ленинградская область,Тихвинский район,г. Тихвин ТП 143-29-02 (СТО),,2023-09-20 09:00:00,2023-09-20 17:00:00,Тихвинские ЭС,Тихвинский РЭС,
Ленинградская область,Лужский район,"Стелево,  Хвощно,  Красая Горка,  Святье",,2023-09-20 08:00:00,2023-09-20 17:00:00,Кингисеппские ЭС,Лужский РЭС,
Ленинградская область,Бокситогорский район,д.Забелье Ефимовское с/п,,2023-09-20 06:00:00,2023-09-20 18:00:00,Тихвинские ЭС,Бокситогорский РЭС,
Ленинградская область,Ломоносовский район,"д. Лопухинка,  д. Старая буря,  д. Медуши,  д. Савольщина,  д. Заостровье,  д. Горки,  д. Никольское,  ур. Никкорово,  ТЕЛЕ-2,  Пилорама,  Аква,  Близь Извары,  СНТ Медуши,  ДНП Горки-Гольф,  СНТ Олимп,  СНТ Радужное,  Хомич,  ДНП Лопухинская Мыза,  Тепличный комбинат Колос,  ООО Юлия,  ДНП Сказка,  ООО Штаб,  садоводство Морской порт,  садоводство Лопухинка,  ООО Илеть,  СНТ Луговое,  ООО Эрланг,  ДНП Лесная Поляна,  ДНП Заостровье,  КП Поляны,  Надежда,  Березняки,",И ВСЕ СНТ и ДНП находящиеся рядом с этими населенными пунктами,2023-09-19 23:30:00,2023-09-20 04:00:00,Гатчинские ЭС,Ломоносовский РЭС,Плановые переключения по переносу нагрузки продолжительностью 30-40 минут в указанном промежутке времени
Ленинградская область,Тосненский район,"д.Нурма(часть), СНТ-Клюльвия, Нечеперть, Мир, д.Горка, д.Жоржино",,2023-09-19 21:06:00,2023-09-19 21:26:00,Гатчинские ЭС,Тосненский РЭС,Переключения .
Санкт-Петербург,Красносельский район,г. Красное Село,"Квартал А-10 ,  ул. Освобождения , д.29/2 лит.А. ,  д.29/3 лит.А ,  Школа №27, №270, 29/1, 31а, 33-1, 31-1,  31-3, 31-2,  к.24, 30, 31,  д.23к.1,  25к.1, 2, д.27 к.1 ул. Спирина д.1/1, 1/2,  1/3, 3/1, 3/2, 3/3 ,  д.7 к.3, д.9 к.1, 2, 21а, ул. Геологическая д.42 ,  д.44/1 ,  46-2, 46-3, 33-2, 31-2,  к.25, 26, 27, 32",2023-09-19 20:00:00,2023-09-20 06:00:00,Южные электрические сети,Красносельский РЭС,На 30 минут.
Санкт-Петербург,Красносельский район,"г. Красное Село ,  д. Лаголово","г. Красное Село  Кингисеппское шоссе ш. д.27 к.2 лит.Л.  д. Лаголово  Школа ,  ул. Садовая",2023-09-19 20:00:00,2023-09-20 06:00:00,Южные электрические сети,Красносельский РЭС,На 30 минут.
Ленинградская область,Ломоносовский район,д.Пеники и др.,ч/с и др. объекты,2023-09-19 20:00:00,2023-09-20 23:59:00,,,"Кратковременное отключение Ф.223-07 19.09.2023 и 20.09.2023 в период времени с 20-00 до 24-00 продолжительностью до 5 минут. Изменение уставок РЗиА по Ф.223-07 на ПС-223 ""Дамба""."
Санкт-Петербург,Приморский район (СПб),Санкт-Петербург,ул. Гаккелевская д. 21 лит. А (ГЩВУ-2),2023-09-19 18:00:00,2023-09-19 22:00:00,Кабельная сеть,Западный РЭС,
Ленинградская область,Выборгский район (ЛО),п Заполье,ДНП Полянка,2023-09-19 14:00:00,2023-09-19 16:00:00,Выборгские ЭС,Рощинский РЭС,
Ленинградская область,Волосовский район,Клопицы,"население МКД №1, 2, 3, 13, 14, 15,  водозабор,  школа,  ГРС",2023-09-19 13:00:00,2023-09-19 17:00:00,Гатчинские ЭС,Ломоносовский РЭС,плановые работы на ТП-8126
Ленинградская область,Всеволожский район,Невская Дубровка,,2023-09-19 12:00:00,2023-09-19 17:00:00,Северные электрические сети,Всеволожский РЭС,
Санкт-Петербург,Красносельский район,Красное село,"пр. Ленеина,  ул.Красноармейская",2023-09-19 12:00:00,2023-09-19 15:00:00,Южные электрические сети,Красносельский РЭС,ТП-413 1СШ
Ленинградская область,,"Даймище,  Рождествено",,2023-09-19 12:00:00,2023-09-19 18:00:00,Гатчинские ЭС,Гатчинский РЭС,
Санкт-Петербург,Фрунзенский район,г. Санкт-Петербург,"ул. Димитрова,  д. 12,  к.1,  лит.А; д. 16,  к.1,  к.2,  к.3; д. 16,  к.4,  стр.1; Будапештская,  ул.,  д. 65,  к.2,  лит.А",2023-09-19 11:00:00,2023-09-19 17:00:00,Кабельная сеть,Невский РЭС,
Санкт-Петербург,Фрунзенский район,Санкт-Петербург,"Лиговский пр. д. 271 стр. 1,  д. 273 лит. Г1",2023-09-19 11:00:00,2023-09-19 17:00:00,Кабельная сеть,Южный РЭС,
Санкт-Петербург,Фрунзенский район,г. Санкт-Петербург,"ул. Будапештская,  д. 12,  к. 2; д. 14 к.1,  к.2; ул. Белы Куна д. 2,  к.1,  к.2.",2023-09-19 11:00:00,2023-09-19 17:00:00,Кабельная сеть,Невский РЭС,
Санкт-Петербург,Красносельский район,Сосновая Поляна,"П.Гарькавого 33/1, 35/2,  2-я Комсомольская 36/1, 36/2",2023-09-19 11:00:00,2023-09-19 19:00:00,Южные электрические сети,Петродворцовый  РЭС,"ТП-015 РУ 0,4кВ монтаж ТТ."
Ленинградская область,Волосовский район,п. Бегуницы д. Б. Лашковицы д. Большое Тешково д. Малое Тешково д. Куйлово  д. Томарово д. Кемполово д. Красная Мыза д. Кайкино д. Синковицы д. Старые Бегуницы,,2023-09-19 11:00:00,2023-09-19 17:00:00,Гатчинские ЭС,Ломоносовский РЭС,Аварийное отключение
Ленинградская область,Гатчинский район,Батово,,2023-09-19 10:30:00,2023-09-19 18:00:00,Гатчинские ЭС,Гатчинский РЭС,
Ленинградская область,Бокситогорский район,д. Костерино,,2023-09-19 10:00:00,2023-09-19 16:00:00,Тихвинские ЭС,Бокситогорский РЭС,
Санкт-Петербург,Пушкинский район,тер. Пулковское,"Пулковское ш. д.103 уч. 56, 57, 61, 62, 63",2023-09-19 10:00:00,2023-09-19 17:20:00,Южные электрические сети,Пушкинский РЭС,
Санкт-Петербург,Василеостровский район,Санкт-Петербург,"19-я линия,  д. 32,  д. 32 к.3,  лит. И; Малый пр.,  д. 54",2023-09-19 10:00:00,2023-09-19 18:00:00,Кабельная сеть,Островной РЭС,
Ленинградская область,Приозерский район,п.Богатыри,Частично,2023-09-19 10:00:00,2023-09-19 17:00:00,Выборгские ЭС,Приозерский РЭС,ВЛ-10кВ ф.415-04 Уч. от ЛР-473 до ТП-0967 - Замена изоляторов на оп. № 15
,,"Райкузи,  Иннолово","ул. Садовая,  ул,  Посадская,  Заречная",2023-09-19 10:00:00,2023-09-19 18:00:00,Южные электрические сети,Красносельский РЭС,"ТП-5840, ТП-6396"
Санкт-Петербург,Калининский район,Санкт-Петербург,"Бестужевская ул.,  д.5/1,  5/2,  7/6",2023-09-19 10:00:00,2023-09-19 16:00:00,Кабельная сеть,Восточный РЭС,
Ленинградская область,Ломоносовский район,д.Лаголово,,2023-09-19 10:00:00,2023-09-19 17:00:00,Южные электрические сети,Красносельский РЭС,ТП-2044
Ленинградская область,Всеволожский район,"СНТ «Восход»,  СНТ «Метеор»,  СНТ «Красный Маяк»,  СНТ «Электроприбор»,  СНТ им.Кулакова,  СНТ «Трансмашевец», СНТ «Метрополитеновец»,  СНТ «Управление Октябрьской железной дороги»,  СНТ «Рабочий»,  СНТ «Фрунзевец»,  СНТ «Балтиец»,  СНТ «Леспроект»,  ООО «Полюстрово»,  СНТ «Эскалатор»,  СНТ «Красная нить»,   СНТ «Севзапстрой»,  СНТ «Красная Заря» ,  СНТ «Турбостроитель»,  АСНТ «Рубикон»,  д.Васкелово  Лемболовская набережная,  МЦ «Борменталь» .",,2023-09-19 10:00:00,2023-09-19 18:00:00,Северные электрические сети,Сертоловский РЭС,
Санкт-Петербург,Центральный район,Санкт-Петербург,"Итальянская ул., д.25, 10, Садовая ул., д.12,  ул. Малая Садовая,  д. 1/25",2023-09-19 10:00:00,2023-09-19 18:00:00,Кабельная сеть,Центральный РЭС,
Ленинградская область,Всеволожский район,"д.Суоранда, д.Верхняя",,2023-09-19 10:00:00,2023-09-19 18:36:00,Северные электрические сети,Всеволожский РЭС,
Санкт-Петербург,Красносельский район,Красное село,пр. Ленина,2023-09-19 10:00:00,2023-09-19 17:00:00,Южные электрические сети,Красносельский РЭС,ТП-407к отключение на 2 часа
Санкт-Петербург,Василеостровский район,Санкт-Петербург,"ул. Уральская,  д. 8а; д. 8б,  д. 11,  д. 13 лит. П,  Ф; ул. Железноводская,  д. 10",2023-09-19 10:00:00,2023-09-19 18:00:00,Кабельная сеть,Островной РЭС,
Санкт-Петербург,Петроградский район,Санкт-Петербург,"ул. Ремесленная,  д. 9 к.2; Петровский пр.,  д. 20 лит. З,  к. 4,  д. 20 лит. С",2023-09-19 10:00:00,2023-09-19 18:00:00,Кабельная сеть,Островной РЭС,
Санкт-Петербург,Петроградский район,Санкт-Петербург,"Петроградская наб.,  д. 26-28,  д. 30,  д. 32; Пинский пер.,  д. 1-3",2023-09-19 10:00:00,2023-09-19 18:00:00,Кабельная сеть,Островной РЭС,
Ленинградская область,Всеволожский район,Невская Дубровка,,2023-09-19 10:00:00,2023-09-19 17:00:00,Северные электрические сети,Всеволожский РЭС,
Санкт-Петербург,Калининский район,Санкт-Петербург,пр.Мечникова/ул.Замшина-светофор; ЖЭУ 21 Калининского района,2023-09-19 10:00:00,2023-09-19 22:00:00,Кабельная сеть,Восточный РЭС,
Ленинградская область,Тосненский район,п. Сиголово,"Солнечная,  Заречная",2023-09-19 10:00:00,2023-09-19 17:00:00,Гатчинские ЭС,Тосненский РЭС,"Выполнение замены провода на СИП, и вводов на здания."
Ленинградская область,Киришский район,ур.Посадников Остров,"СНТ Радуга 2,  СНТ Радуга ,  СНТ Жилищник,  СНТ  Луг,  СНТ  Дружба,  СНТ  Энергетик,  СНТ  Водник,  МТС Посадниково,  СНТ Свет,  СНТ Анкер,  Союз,  СНТ Восток,  Вышка связи,  СНТ Маяк,  СНТ Флора,  СНТ Дорожник,  СНТ Рестовратор,  СНТ Строитель,  СНТ Ветвузовец,  СНТ Меридиан,  СНТ Содружество,  СНТ Сигнал,  СНТ Эра,  СНТ Изумрудное,  СНТ Глобус,  СНТ Вымпел,  Линк",2023-09-19 10:00:00,2023-09-19 15:00:00,Тихвинские ЭС,Тихвинский РЭС,
Ленинградская область,Тосненский район,д. Сидорово,д.21а,2023-09-19 10:00:00,2023-09-19 17:00:00,Гатчинские ЭС,Тосненский РЭС,"Выполнение замены провода на СИП, и вводов на здания."
Ленинградская область,Выборгский район (ЛО),п.Житково,частично,2023-09-19 10:00:00,2023-09-19 17:00:00,Выборгские ЭС,Выборгский РЭС,
Санкт-Петербург,Пушкинский район,г. Пушкин,"Витебский пр-т,  Заправки Тибойл (Шелл),  Кириши,  ГазпромНефть",2023-09-19 10:00:00,2023-09-19 17:00:00,Южные электрические сети,Пушкинский РЭС,
Ленинградская область,Ломоносовский район,"СНТ Балтийская Слобода 1,  2,  3; ДНП Калитино; ДНП Малиновые вечера ,",,2023-09-19 10:00:00,2023-09-19 17:00:00,Гатчинские ЭС,Ломоносовский РЭС,Плановые работы
Санкт-Петербург,Пушкинский район,г. Пушкин,ул. Октябрьский б-р д.7/29,2023-09-19 10:00:00,2023-09-19 17:00:00,Южные электрические сети,Пушкинский РЭС,
Ленинградская область,Ломоносовский район,д.Гостилицы (частично),"Котельная,  гаражи,  мастерские,  мол.завод",2023-09-19 10:00:00,2023-09-19 17:30:00,Гатчинские ЭС,Ломоносовский РЭС,"Плановые работы на участке ВЛ-10кВ.
Согласование №266"
Санкт-Петербург,Адмиралтейский район,Санкт-Петербург,"Рижский пр.,  д. 58,  лит. И",2023-09-19 10:00:00,2023-09-19 22:00:00,Кабельная сеть,Центральный РЭС,Аварийные работы
Ленинградская область,Выборгский район (ЛО),п Волочаевка,ДНП Волочаевское,2023-09-19 10:00:00,2023-09-19 14:00:00,Выборгские ЭС,Рощинский РЭС,
Санкт-Петербург,Красногвардейский район,Санкт-Петербург,"Пискаревский пр.,  д.37/2",2023-09-19 10:00:00,2023-09-19 17:00:00,Кабельная сеть,Восточный РЭС,
Ленинградская область,Гатчинский район,"п.Новинка, д.Новинка, Озерешно, Ольховец, Нестерково, Тарасино, Чаща, Дальний, Воцко, Кремено, Ракитино, СНТ""Новинка"".",,2023-09-19 10:00:00,2023-09-19 18:00:00,,,Работы на ПС-35 кВ Новинка.
Ленинградская область,Тосненский район,Федоровское,"шоссейная,  Красный Бор,  СНТ ""Микрорайон Самсоновка""",2023-09-19 10:00:00,2023-09-19 17:20:00,Южные электрические сети,Пушкинский РЭС,
Ленинградская область,Ломоносовский район,"д.Порзолово Болото,  СНТ ""Московка"",  СНТ ""Гнездо"" и др.","ч/с,  промзона и др. объекты",2023-09-19 10:00:00,2023-09-19 18:00:00,Южные электрические сети,Петродворцовый  РЭС,"Неплановые работы по ремонту ППр-394, перенос токоразделов."
Ленинградская область,Ломоносовский район,"д.Кабацкое,  д.Ускуля,  д.Кукушкино,  д. Кузнецы,  д. Б. Коновалово,  ДНП ""Лада"",  ДНП ""Дружное"",  и др.",ч/с промзона и пр.,2023-09-19 10:00:00,2023-09-19 18:00:00,Южные электрические сети,Петродворцовый  РЭС,"Работы по монтажу опор ВЛ-6кВ, Ф.Гидроприбор-12, от РК-15 в сторону ТП-841П."
Ленинградская область,Выборгский район (СПб),"п.Возрождение,  п.Глубокое",частично,2023-09-19 10:00:00,2023-09-19 17:00:00,Выборгские ЭС,Выборгский РЭС,
Ленинградская область,Выборгский район (ЛО),п.Ермилово,частично,2023-09-19 10:00:00,2023-09-22 17:00:00,Выборгские ЭС,Выборгский РЭС,
Ленинградская область,Выборгский район (ЛО),п.Козлово,частично,2023-09-19 10:00:00,2023-09-19 16:00:00,Выборгские ЭС,Выборгский РЭС,
Санкт-Петербург,Василеостровский район,Санкт-Петербург,"Средний пр.,  д. 61,  д. 65/41; 15-я линия,  д. 40; 16-я линия,  д. 41",2023-09-19 10:00:00,2023-09-19 18:00:00,Кабельная сеть,Островной РЭС,
Ленинградская область,Кингисеппский район,Тикопись,,2023-09-19 10:00:00,2023-09-19 17:00:00,Кингисеппские ЭС,Кингисеппский РЭС,
Ленинградская область,Ломоносовский район,д.Дубки и др.,"ч/с,  промзона и др. объекты",2023-09-19 10:00:00,2023-09-19 14:00:00,Южные электрические сети,Петродворцовый  РЭС,Аварийные работы по устранению ДКП (дерево) с ВЛ-6кВ.
Ленинградская область,Ломоносовский район,д.Лопухинка (частично),"ул.Сиреневая,  ул.Счастливая,  ул.Счастливая,  ул.Берёзовая,  ул.1-я линия,  ул.2-я линия.Центр занятости ""Надежда""",2023-09-19 10:00:00,2023-09-19 17:30:00,Гатчинские ЭС,Ломоносовский РЭС,"Неотложные работы на ТП-10/0.4кВ.
Согласование №270."
Ленинградская область,Лодейнопольский район,Вязикиничи,,2023-09-19 10:00:00,2023-09-19 16:00:00,Новоладожские ЭС,Лодейнопольский РЭС,
Ленинградская область,Приозерский район,"п.Ромашки часть,  п.Новая деревня",полностью,2023-09-19 10:00:00,2023-09-19 17:00:00,Выборгские ЭС,Приозерский РЭС,ВЛ-10кВ ф.Сап-07 Уч. от ПП-452 до ЛР-330 - Замена изоляторов на оп. № 278
Ленинградская область,Бокситогорский район,д.Бор (ч/сектор),,2023-09-19 09:30:00,2023-09-19 17:00:00,Тихвинские ЭС,Бокситогорский РЭС,
Санкт-Петербург,Курортный район,п.Ушково,"Вокзальная ул,  д.4,  Вокзальная ул,  д.6,  Вокзальная ул,  д.6,  лит. А,  Вокзальная ул,  д.8,  Вокзальная ул,  д.9,  Вокзальная ул,  д.10,  Сосновая ул,  д.6,  лит. А,  Детская ул,  д.41,  лит. А,  Почтовый пер,  д.8,  лит. А,  Сосновая ул,  д.6,  лит. Б,  Сосновая ул,  д.6,  Вокзальная ул,  д.11,  Детская ул,  д.32,  Детская ул,  д.37,  Детская ул,  д.41,  Сосновая ул,  д.9,  Почтовый Пер.,  д.10лит.А ,  Сосновая ул,  д.11лит.А Почтовая Ул.,  д.5,  Вокзальная ул,  д.3,  лит. а,  Почтовый Пер.,  д.8лит.А ,  Почтовая Ул уч. 7 (юго-восточнее д. 15,  лит. А по Почтовой ул.) ,  Сосновая ул,  д.4,  лит. ,  лит. А Вокзальная ул,  д.11,  лит. а,  Почтовый Пер.,  д.,  лит. ,  16 лит. А Почтовая Ул уч. 2 ,  Сосновая ул,  д.12лит. А ,  Вокзальная ул,  уч 4 (южнее д. 4 лит А по Вокзальной ул) ,  Полевая Ул.,  д.3стр.1,  Сосновая ул,  д.3,  лит. А ,  Детская ул,  д.31,  лит. А,  Б,  В,  Д,  Сосновая ул уч.5,  кад. 78:38:0022613:30 Полевая Ул.,  д.4,  Почтовый Пер.,  д.14,  Почтовый Пер.,  д.10,  Почтовый Пер.,  д.4,  Почтовая Ул.,  д.15,  Почтовая Ул.,  д.4,  Почтовая Ул.,  д.8,  Сосновая ул,  д.9,  лит. А,  Почтовая Ул.,  д.15,  лит. А,  Вокзальная ул,  д.8,  лит. А,  Вокзальная ул,  д.9,  лит. А,  Почтовый пер,  д.10,  лит. А,  Детская ул,  д.32,  лит. Б,  Сосновая ул,  д.4,  лит. А,  Почтовый пер,  д.14,  лит. А,  Почтовая Ул.,  д.16,  лит. А,  Вокзальная ул,  д.4,  лит. А,  Полевая ул,  д.4,  лит. А,  Вокзальная ул,  д.10,  лит. А,  Почтовый пер,  д.4,  лит. А,  Почтовый пер,  д.16,  лит. А,  Вокзальная ул,  д.11лит. А,  Вокзальная ул,  д.11,  лит. А",2023-09-19 09:00:00,2023-09-19 20:00:00,Северные электрические сети,Курортный РЭС,Капитальный ремонт здания ТП
Ленинградская область,Гатчинский район,Новинка-Кордон,,2023-09-19 09:00:00,2023-09-19 17:00:00,Гатчинские ЭС,Тосненский РЭС,Капитальный ремонт ТП
Санкт-Петербург,Курортный район,п.Лисий Нос,"Пограничная ул,  д.1 А ,  Пограничная ул,  д.1  ,  Пограничная ул,  д.2  ,  Пограничная ул,  д.4 А ,  Пограничная ул,  д.5  ,  Пограничная ул,  д.5 А ,  Пограничная ул,  д.6  ,  Пограничная ул,  д.7 А ,  Пограничная ул,  д.9  ,  Пограничная ул,  д.11  ,  Пограничная ул,  д.12  ,  Пограничная ул,  д.14 А ,  Пограничная ул,  д.15  ,  Пограничная ул,  д.22 А ,  Пограничная ул,  д.23  ,  Пограничная ул,  д.25  ,  Пограничная ул,  д.30  ,  Пограничная ул,  д.32  ,  Пограничная ул,  д.33  ,  Пограничная ул,  д.34  ,  Пограничная ул,  д.35  ,  Пограничная ул,  д.35 А ,  Пограничная ул,  д.38  ,  Пограничная ул,  д.42 А ,  Зелёный пер,  д.6 Б ,  Зелёный пер,  д.8  ,  Парковая ул,  д.4  ,  Парковая ул,  д.5 А ,  Парковая ул,  д.6  ,  Парковая ул,  д.7  ,  Парковая ул,  д.11  ,  Парковая ул,  д.13  ,  Парковая ул,  д.24  ,  Парковая ул,  д.25  ,  Парковая ул,  д.27  ,  Парковая ул,  д.29  ,  Парковая ул,  д.35  ,  Парковая ул,  д.37  ,  Парковая ул,  д.39 А ,  Пограничная ул,  д.31  ,  Парковая ул,  д.3  ,  Парковая ул,  д.5  ,  Парковая ул,  д.6 А ,  Парковая ул,  д.10  ,  Парковая ул,  д.12  ,  Парковая ул,  д.13 А ,  Парковая ул,  д.14  ,  Парковая ул,  д.17  ,  Парковая ул,  д.20  ,  Парковая ул,  д.25 А ,  Пограничная ул,  д.2 Б ,  Пограничная ул,  д.4  ,  Пограничная ул,  д.9 А ,  Пограничная ул,  д.10  ,  Пограничная ул,  д.12 А ,  Пограничная ул,  д.14  ,  Пограничная ул,  д.17  ,  Пограничная ул,  д.18  ,  Пограничная ул,  д.22  ,  Пограничная ул,  д.25 А ,  Пограничная ул,  д.26 А ,  Пограничная ул,  д.37 А ,  Пограничная ул,  д.39  ,  Пограничная ул,  д.43  ,  Пограничная ул,  д.44  ,  Зелёный пер,  д.4 А ,  Зелёный пер,  д.16 А ,  Парковая ул,  д.37 А ,  Парковая ул,  д.1 А ,  Зелёный пер,  д.6  ,  лит. А,  Зелёный пер,  д.10  ,  Зелёный пер,  д.20  ,  Пограничная ул,  д.24  лит.А, Б, В, Д, Е, Ж, И, К, М, Н, Р, П, С,  Парковый Пер.,  д.8  ,  Парковая ул,  д.8  лит.А,  Парковая ул,  д.21 б ,  Пограничная ул,  д.3  лит. А,  Пограничная ул,  д.20  лит.А,  Пограничная ул,  д.26  ,  Пограничная ул,  д.29  лит.А,  Пограничная ул,  д.40  ,  Пограничная ул,  д.42  лит.А,  Пограничная ул,  д.29  лит.Б,  Парковая ул,  д.  д.9,  Пограничная ул,  д.43 А ,  Парковая ул,  д.29 А ,  Пограничная ул,  д.6 А ,  Пограничная ул,  д.17 А ,  Пограничная ул,  д.29 А ,  Парковая ул,  д.8 А ,  Парковая ул,  д.28 А ,  Пограничная ул,  д.1 А ,  Парковая ул,  д.14 Б ,  Пограничная ул,  д.19 Б ,  Парковая ул,  д.24 А ,  Зелёный пер,  д.4  ,  Пограничная ул,  д.11 А ,  Парковая ул,  д.2  ,  Пограничная ул,  д.46  ,  Парковая ул,  д.31  ,  Пограничная ул,  д.27 А ,  Пограничная ул,  д.29 Б ,  Парковая ул,  д.35 А ,  Пограничная ул,  д.33 А ,  Пограничная ул,  д.23 А ,  Парковая ул,  д.11 А ,  Парковая ул,  д.21 А ,  Парковая ул,  д.31 А ,  Пограничная ул,  д.41  ,  Пограничная ул,  д.3 А ,  Парковая ул,  д.4 А ,  Пограничная ул,  д.20 А ,  Парковая ул,  д.12 А ,  Пограничная ул,  д.19 А ,  Пограничная ул,  д.36 А ,  Парковая ул,  д.7 А ,  Пограничная ул,  д.27  ,  Пограничная ул,  д.39 А ,  Пограничная ул,  д.46 А ,  Парковая ул,  д.10 А ,  Пограничная ул,  д.18 А ,  Пограничная ул,  д.36  ,  Парковая ул,  д.17 А ,  Пограничная ул,  д.19  ,  Пограничная ул,  д.13  ,  Пограничная ул,  д.13 А ,  Парковая ул,  д.3 А ,  Парковая ул,  д.9 А ,  Пограничная ул,  д.15 А ,  Парковая ул,  д.27 А ,  Пограничная ул,  д.34 А",2023-09-19 09:00:00,2023-09-19 20:00:00,Северные электрические сети,Курортный РЭС,ремонт здания
Санкт-Петербург,Курортный район,п.Лисий Нос,"Морские Дубки ул,  д.59 И кад.№ 78:34:0004443:30, Морские Дубки ул,  д.59 И кад.№ 78:34:0004443:32,  Морские Дубки ул,  д.59  Лит.А, И, К, Л, М, Н",2023-09-19 09:00:00,2023-09-19 20:00:00,Северные электрические сети,Курортный РЭС,ремонт здания ТП-108
Санкт-Петербург,Курортный район,п.Солнечное,"Лесная ул,  д.11 ,  Лесная ул,  д.1 А,  лит.А,  Лесная ул,  д. уч.4 (северо-западнее д.399 по Приморскому ш.),  Лесная ул,  д.3 ,  Лесная ул,  д.1 Солнечное п,  Курносовская ул,  д.13",2023-09-19 09:00:00,2023-09-19 20:00:00,Северные электрические сети,Курортный РЭС,Установка узла учета
Ленинградская область,Волосовский район,"Слепино,  Максимовка,  Мышкино,  Волна",,2023-09-19 09:00:00,2023-09-21 17:00:00,Кингисеппские ЭС,Кингисеппский РЭС,
Ленинградская область,Лужский район,"Малые Озерцы,  Большие Озерцы,  Крени",,2023-09-19 09:00:00,2023-09-19 17:00:00,Кингисеппские ЭС,Лужский РЭС,
Ленинградская область,Волосовский район,"д. Черное,  д. Лиможа,  п.Извара д.1, 2, 11 (сберкасса, школа, музей, магазин Пятерочка, котельная, очистные, ферма, Сыроварня)",,2023-09-19 09:00:00,2023-09-19 18:00:00,Гатчинские ЭС,Ломоносовский РЭС,Плановые работы на ВЛ 10кВ
Ленинградская область,Бокситогорский район,д.Абрамова Гора,,2023-09-19 09:00:00,2023-09-19 17:00:00,Тихвинские ЭС,Бокситогорский РЭС,
Ленинградская область,Тихвинский район,д. Астрача,"ТП 143-22-19 (Астрача-Западная),  ТП 143-22-05 (Астрача),  ТП 143-22-27 (Башня связи)",2023-09-19 09:00:00,2023-09-19 17:00:00,Тихвинские ЭС,Тихвинский РЭС,Планируемое время отключения не более 6-х часов в указанный период времени.
Ленинградская область,Тосненский район,г. Любань,"Поликлиника.  Жил.дома-ул.Марата, 3-го Июля,  Кузнечная, Мира, Дзержинского, Больничная.Полиция.",2023-09-19 09:00:00,2023-09-19 18:30:00,Гатчинские ЭС,Тосненский РЭС,"Ремонт рубильника, чистка изоляции, ремонт трансформатора"
Ленинградская область,Бокситогорский район,"д. Машнево,  д. Великое село,  д. Лопастино,  СКЗ,  Башня",,2023-09-19 09:00:00,2023-09-19 17:00:00,Тихвинские ЭС,Бокситогорский РЭС,
Ленинградская область,Бокситогорский район,п.Ефимовский,ТП 339-02-17 газовая котельная коррекционной школы-интернат,2023-09-19 09:00:00,2023-09-19 17:00:00,Тихвинские ЭС,Бокситогорский РЭС,
Ленинградская область,Тихвинский район,д.Теплухино Кооператив Ручеек Садоводство Мелиоратор,,2023-09-19 09:00:00,2023-09-19 17:00:00,Тихвинские ЭС,Тихвинский РЭС,
Ленинградская область,Лужский район,Калгановка,,2023-09-19 09:00:00,2023-09-19 13:00:00,Кингисеппские ЭС,Лужский РЭС,
Ленинградская область,Киришский район,"Еврейское болото, СТ Бережки",,2023-09-19 09:00:00,2023-09-19 17:00:00,Тихвинские ЭС,Тихвинский РЭС,
Ленинградская область,Киришский район,СТ Рассвет,Полностью,2023-09-19 09:00:00,2023-09-19 17:00:00,Тихвинские ЭС,Тихвинский РЭС,
Санкт-Петербург,Тихвинский район,"д.Овино(комплекс) , д.Овино ГРС",,2023-09-19 09:00:00,2023-09-19 17:00:00,Тихвинские ЭС,Тихвинский РЭС,
Ленинградская область,Всеволожский район,с/х Красный октябрь,-,2023-09-19 09:00:00,2023-09-19 18:00:00,Северные электрические сети,Всеволожский РЭС,
Ленинградская область,Гатчинский район,Высоколючевой,,2023-09-19 09:00:00,2023-09-19 18:00:00,Гатчинские ЭС,Гатчинский РЭС,Замена провода в пролете опор №54/8-54/12
Ленинградская область,Кингисеппский район,"Старое Гарколово,  Новое Гарколово","Забалканская,  Пограничная,  Сиреневая,  база отдыха",2023-09-19 09:00:00,2023-09-19 17:00:00,Кингисеппские ЭС,Кингисеппский РЭС,
Ленинградская область,Волховский район,д. Загубье,Озёрная,2023-09-19 09:00:00,2023-09-19 16:00:00,Новоладожские ЭС,Лодейнопольский РЭС,Плановое отключение
Ленинградская область,Волосовский район,Клопицы (частный сектор),население,2023-09-19 09:00:00,2023-09-19 12:00:00,Гатчинские ЭС,Ломоносовский РЭС,плановые работы на ТП-8156
Ленинградская область,Волосовский район,"Реполка ,  Селище,  Сосново",население,2023-09-19 09:00:00,2023-09-19 17:00:00,Гатчинские ЭС,Ломоносовский РЭС,плановые работы на  ПС-Сосницы
Ленинградская область,Гатчинский район,Большие Колпаны (часть),1-й Семилетки,2023-09-19 09:00:00,2023-09-19 18:00:00,Гатчинские ЭС,Гатчинский РЭС,ТП-205 замена провода в пролетах опор 1-10
Ленинградская область,Волховский район,д. Волосово,,2023-09-19 09:00:00,2023-09-19 17:10:00,Новоладожские ЭС,Волховский РЭС,Работы для улучшения качества и надежности электроснабжения потребителей в период низких температур и неблагоприятных погодных условий (с включением потребителей на ночь).
Ленинградская область,Тихвинский район,"ТП 143-29-02 (СТО),  ТП 143-29-03 (Автомир),  ТП 143-29-04 (Околица)",,2023-09-19 09:00:00,2023-09-19 17:00:00,Тихвинские ЭС,Тихвинский РЭС,
Ленинградская область,Лужский район,Дубо,,2023-09-19 09:00:00,2023-09-19 17:00:00,Кингисеппские ЭС,Лужский РЭС,
Ленинградская область,Волосовский район,Ущевицы,,2023-09-19 09:00:00,2023-09-19 16:00:00,Кингисеппские ЭС,Кингисеппский РЭС,
Ленинградская область,Бокситогорский район,д.Забелье Ефимовское с/п,,2023-09-19 06:00:00,2023-09-19 18:00:00,Тихвинские ЭС,Бокситогорский РЭС,
Ленинградская область,Гатчинский район,"Пудость,  Покизен-Пурская,  Алапурская,  Ивановка,  Юля-Пурская,  СНТ Торфопредприятие,  Мыза-Ивановка Пегелево,  Сокколово,  Б. Рейзино,",,2023-09-19 00:01:00,2023-09-19 23:00:00,Гатчинские ЭС,Гатчинский РЭС,переключения 40 минут в указанный промежуток времени
Ленинградская область,Ломоносовский район,"д.Лопухинка (частично),  д.Ст.Буря,  д.Мёдуши,  д.Савольщина,  д.Заостровье (частично),  д.Нов.Буря,  д.Горки,  д.Никольское,  ур.Никкорово,  д.Муховицы,   а также все СНТ(ДНП) в районе данных населённых пунктов.","Население,  скважины,  ЦОО ""Березняки""",2023-09-19 00:01:00,2023-09-19 04:00:00,Гатчинские ЭС,Ломоносовский РЭС,"Плановые переключения по переводу нагрузки. Время отключения 10-40 минут в указанный промежуток, по всем населенным пунктам."
Ленинградская область,Волосовский район,"д.Шелково,  д.Голубовицы,  а также все СНТ (ДНП) в районе данных населённых пунктов.","Население,  скважины",2023-09-19 00:01:00,2023-09-19 04:00:00,Гатчинские ЭС,Ломоносовский РЭС,"Плановые переключения по переводу нагрузки. Время отключения 10-40 минут в указанный промежуток, по всем населенным пунктам."
